date,rwa_tvl,defi_tvl,rwa_ratio_pct
2023-01-27,135,46530112076,0.0
2023-01-28,315,47016778494,0.0
2023-01-29,315,46862251566,0.0
2023-01-30,315,47816953452,0.0
2023-01-31,495,46327259617,0.0
2023-02-01,500921,46793469547,0.0011
2023-02-02,500921,48498694407,0.001
2023-02-03,500921,48066135639,0.001
2023-02-04,16020746,48274214183,0.0332
2023-02-05,16020746,48207792143,0.0332
2023-02-06,16020746,47794393611,0.0335
2023-02-07,16020746,47592299618,0.0337
2023-02-08,24800411,48766151499,0.0509
2023-02-09,26050815,48291311348,0.0539
2023-02-10,26050815,46196393488,0.0564
2023-02-11,31312004,45992665826,0.0681
2023-02-12,31312004,46499000707,0.0673
2023-02-13,31312004,46258331045,0.0677
2023-02-14,36586155,45909550655,0.0797
2023-02-15,36586155,46696863104,0.0783
2023-02-16,37365739,49415030898,0.0756
2023-02-17,37365739,48524633714,0.077
2023-02-18,37522850,49824027991,0.0753
2023-02-19,37522850,50124865084,0.0749
2023-02-20,37522850,49837966685,0.0753
2023-02-21,37522850,50492200478,0.0743
2023-02-22,37525588,49462067382,0.0759
2023-02-23,37885890,49213134574,0.077
2023-02-24,36903238,49238405385,0.0749
2023-02-25,37916477,48282919285,0.0785
2023-02-26,37916477,48016589516,0.079
2023-02-27,37916477,49028050759,0.0773
2023-02-28,38019748,49033142641,0.0775
2023-03-01,39660673,48716337990,0.0814
2023-03-02,40659857,49595984488,0.082
2023-03-03,41146280,49215692145,0.0836
2023-03-04,46064532,47715099980,0.0965
2023-03-05,46064532,47628464504,0.0967
2023-03-06,46064532,47706583577,0.0966
2023-03-07,48768177,47642232877,0.1024
2023-03-08,48771319,47435724281,0.1028
2023-03-09,48763660,46482784108,0.1049
2023-03-10,48765441,44258288967,0.1102
2023-03-11,48191806,43842205596,0.1099
2023-03-12,48191806,42201017135,0.1142
2023-03-13,48191806,45586517624,0.1057
2023-03-14,48613504,46479989195,0.1046
2023-03-15,47647955,46927595167,0.1015
2023-03-16,49499925,45777985601,0.1081
2023-03-17,51548561,45679976427,0.1128
2023-03-18,53345402,48165216743,0.1108
2023-03-19,53345402,47980040248,0.1112
2023-03-20,53345402,48156558963,0.1108
2023-03-21,53081707,48136651734,0.1103
2023-03-22,53171464,48937984198,0.1087
2023-03-23,54156764,48105126729,0.1126
2023-03-24,54175861,49124277480,0.1103
2023-03-25,54210444,48089497546,0.1127
2023-03-26,54210444,47993591806,0.113
2023-03-27,54210444,48271032576,0.1123
2023-03-28,62732020,47350061561,0.1325
2023-03-29,63331364,47873678189,0.1323
2023-03-30,68182314,48518241906,0.1405
2023-03-31,68190523,48662407567,0.1401
2023-04-01,68005317,49027722476,0.1387
2023-04-02,68005317,48987576157,0.1388
2023-04-03,68005317,48527914799,0.1401
2023-04-04,68010903,48642099841,0.1398
2023-04-05,67863861,49861374211,0.1361
2023-04-06,67863861,49702235805,0.1365
2023-04-07,70547349,49523319095,0.1425
2023-04-08,70546048,49246186839,0.1433
2023-04-09,70546048,49319571814,0.143
2023-04-10,70546048,49449975640,0.1427
2023-04-11,70446050,50270768587,0.1401
2023-04-12,70923164,50083770360,0.1416
2023-04-13,71378740,50110647182,0.1424
2023-04-14,71384879,52346074361,0.1364
2023-04-15,101522290,52483638471,0.1934
2023-04-16,101522290,52544998114,0.1932
2023-04-17,101522290,52213809742,0.1944
2023-04-18,101683425,51438138052,0.1977
2023-04-19,101891310,52135479586,0.1954
2023-04-20,102064684,49798948497,0.205
2023-04-21,102721874,49268609602,0.2085
2023-04-22,102577309,47700695572,0.215
2023-04-23,102577309,47784026959,0.2147
2023-04-24,102577309,47752211428,0.2148
2023-04-25,104586112,47294830392,0.2211
2023-04-26,105193849,47886061612,0.2197
2023-04-27,105221817,48513837173,0.2169
2023-04-28,105230883,48558600984,0.2167
2023-04-29,105249413,48242501939,0.2182
2023-04-30,105249413,48464794410,0.2172
2023-05-01,105249413,48063169946,0.219
2023-05-02,105401135,46944031951,0.2245
2023-05-03,110203786,47524967551,0.2319
2023-05-04,111594255,48255179833,0.2313
2023-05-05,111594255,48083130945,0.2321
2023-05-06,116384105,49727652264,0.234
2023-05-07,116384105,48433104162,0.2403
2023-05-08,116384105,47960222239,0.2427
2023-05-09,116484007,46712271761,0.2494
2023-05-10,118231656,46862454089,0.2523
2023-05-11,118231656,46604129493,0.2537
2023-05-12,118231656,45834530451,0.258
2023-05-13,118231656,45886822950,0.2577
2023-05-14,118231656,45808224964,0.2581
2023-05-15,118231656,45754871020,0.2584
2023-05-16,118231656,46263579637,0.2556
2023-05-17,118231656,46308750554,0.2553
2023-05-18,130005732,46430578127,0.28
2023-05-19,131783157,46155337183,0.2855
2023-05-20,138464766,46249818379,0.2994
2023-05-21,138464766,46719796431,0.2964
2023-05-22,138464766,46292076897,0.2991
2023-05-23,112062142,46648718101,0.2402
2023-05-24,103581425,47212270190,0.2194
2023-05-25,103581425,45910292520,0.2256
2023-05-26,103581425,45951332573,0.2254
2023-05-27,104080047,46247505842,0.2251
2023-05-28,104080047,46535584844,0.2237
2023-05-29,104080047,47679237118,0.2183
2023-05-30,104080047,47142758890,0.2208
2023-05-31,103502843,47103231310,0.2197
2023-06-01,100474762,45816068499,0.2193
2023-06-02,100574448,45695445200,0.2201
2023-06-03,100574448,46529098927,0.2162
2023-06-04,100574448,46316565150,0.2171
2023-06-05,100574448,46265889416,0.2174
2023-06-06,105934505,44557685539,0.2377
2023-06-07,106238883,45719058356,0.2324
2023-06-08,109923265,44498580575,0.247
2023-06-09,103898714,44571042178,0.2331
2023-06-10,104356080,44022195903,0.2371
2023-06-11,104356080,42157835963,0.2475
2023-06-12,104356080,42156514307,0.2475
2023-06-13,136197886,41905861839,0.325
2023-06-14,139466789,42113130379,0.3312
2023-06-15,139466789,40687548424,0.3428
2023-06-16,144589759,40637610994,0.3558
2023-06-17,145683082,41374904843,0.3521
2023-06-18,145632614,41676528388,0.3494
2023-06-19,143613893,41594634068,0.3453
2023-06-20,143613893,41860560462,0.3431
2023-06-21,142169947,43125876060,0.3297
2023-06-22,130822475,44659565675,0.2929
2023-06-23,130181515,44166999909,0.2947
2023-06-24,130080579,44414362512,0.2929
2023-06-25,130080579,44203959789,0.2943
2023-06-26,130080579,44541774173,0.292
2023-06-27,130131021,44156760488,0.2947
2023-06-28,130131021,44284616004,0.2939
2023-06-29,130329616,43446140487,0.3
2023-06-30,130329616,43926339278,0.2967
2023-07-01,131569390,45033130633,0.2922
2023-07-02,131569390,44952908155,0.2927
2023-07-03,131569390,45104980178,0.2917
2023-07-04,131569390,45347334770,0.2901
2023-07-05,131569390,45027632034,0.2922
2023-07-06,130967391,44507230251,0.2943
2023-07-07,135792663,43554061976,0.3118
2023-07-08,135900460,43987584052,0.309
2023-07-09,135901319,44040770131,0.3086
2023-07-10,135900034,43952902575,0.3092
2023-07-11,135434585,44070276048,0.3073
2023-07-12,136431915,44208878253,0.3086
2023-07-13,142287408,43997052886,0.3234
2023-07-14,142288553,45736856843,0.3111
2023-07-15,139644435,44664257050,0.3127
2023-07-16,139644202,44820054189,0.3116
2023-07-17,139645069,44567300819,0.3133
2023-07-18,140424988,44455375277,0.3159
2023-07-19,159185501,44104449327,0.3609
2023-07-20,154199651,43832406600,0.3518
2023-07-21,154304781,43855045633,0.3519
2023-07-22,154773961,43910672060,0.3525
2023-07-23,154772708,43382797782,0.3568
2023-07-24,154608331,43711202319,0.3537
2023-07-25,154818513,42819918595,0.3616
2023-07-26,156846755,42790991546,0.3665
2023-07-27,156711279,43010204427,0.3644
2023-07-28,164748588,42980541863,0.3833
2023-07-29,166990801,43279331209,0.3858
2023-07-30,166993562,43587430635,0.3831
2023-07-31,166964497,41326686542,0.404
2023-08-01,167026531,40643848904,0.411
2023-08-02,167559413,40270781452,0.4161
2023-08-03,167548803,39835231119,0.4206
2023-08-04,168203777,40289804686,0.4175
2023-08-05,168566252,40241185081,0.4189
2023-08-06,168512374,40362548625,0.4175
2023-08-07,168558361,40440836841,0.4168
2023-08-08,167618921,40759474943,0.4112
2023-08-09,163382860,41263791714,0.3959
2023-08-10,163386591,41269439652,0.3959
2023-08-11,169497080,41552385832,0.4079
2023-08-12,168712056,41708348861,0.4045
2023-08-13,168688420,41727934887,0.4043
2023-08-14,168712308,41595659476,0.4056
2023-08-15,167612664,41605250199,0.4029
2023-08-16,167114910,41032199771,0.4073
2023-08-17,166913696,40114347343,0.4161
2023-08-18,166489957,38433007842,0.4332
2023-08-19,160233317,38104411392,0.4205
2023-08-20,160070139,38263943410,0.4183
2023-08-21,160084494,38090931454,0.4203
2023-08-22,160088732,37909802775,0.4223
2023-08-23,158221261,37426285757,0.4228
2023-08-24,160062704,38148617689,0.4196
2023-08-25,159914723,37874496574,0.4222
2023-08-26,160900544,37671604615,0.4271
2023-08-27,160901166,37634960779,0.4275
2023-08-28,160871545,37865763450,0.4248
2023-08-29,162004909,37874215594,0.4277
2023-08-30,163907407,39027594901,0.42
2023-08-31,163687064,38519729121,0.4249
2023-09-01,163710079,37647909307,0.4348
2023-09-02,165223246,37489894495,0.4407
2023-09-03,165200195,37586968914,0.4395
2023-09-04,165139802,37677442052,0.4383
2023-09-05,165232643,37504849329,0.4406
2023-09-06,165279279,37740739721,0.4379
2023-09-07,171085913,37618077690,0.4548
2023-09-08,170628708,37992417028,0.4491
2023-09-09,168642278,37688413285,0.4475
2023-09-10,168687226,37622527442,0.4484
2023-09-11,168799752,37359619175,0.4518
2023-09-12,170574321,36268623412,0.4703
2023-09-13,170511208,36952813854,0.4614
2023-09-14,170362253,37282852471,0.4569
2023-09-15,170546974,37581179876,0.4538
2023-09-16,170460664,38742718445,0.44
2023-09-17,170374428,38521684612,0.4423
2023-09-18,170465145,38321101268,0.4448
2023-09-19,203218558,38538760666,0.5273
2023-09-20,203173996,38760878030,0.5242
2023-09-21,203851489,38455598686,0.5301
2023-09-22,203924069,37749991197,0.5402
2023-09-23,203472416,37937867180,0.5363
2023-09-24,203502867,37858433737,0.5375
2023-09-25,203705223,37476467124,0.5436
2023-09-26,203470528,37695045233,0.5398
2023-09-27,204416162,37715187401,0.542
2023-09-28,206062079,37723726404,0.5462
2023-09-29,206739461,38450395086,0.5377
2023-09-30,210006085,38556848920,0.5447
2023-10-01,209906409,38564250608,0.5443
2023-10-02,210005534,39522987024,0.5314
2023-10-03,209894846,38637519450,0.5432
2023-10-04,210147143,38344384834,0.5481
2023-10-05,211646193,38526961778,0.5493
2023-10-06,211810111,38170122236,0.5549
2023-10-07,214506881,38561623246,0.5563
2023-10-08,214511121,38487078637,0.5574
2023-10-09,214518674,38285341519,0.5603
2023-10-10,215840344,37529338866,0.5751
2023-10-11,217117971,36909481191,0.5882
2023-10-12,217782968,36593478439,0.5951
2023-10-13,215651416,36049990364,0.5982
2023-10-14,211072947,36598732584,0.5767
2023-10-15,211065624,36641742772,0.576
2023-10-16,210991027,36675242247,0.5753
2023-10-17,208234331,37309392678,0.5581
2023-10-18,208516645,36888098479,0.5653
2023-10-19,206966921,36544888207,0.5663
2023-10-20,207029772,36783421750,0.5628
2023-10-21,221480485,37406042763,0.5921
2023-10-22,221480485,38069118558,0.5818
2023-10-23,221450632,38719725055,0.5719
2023-10-24,219508566,40806134572,0.5379
2023-10-25,211628201,40693601966,0.5201
2023-10-26,211700455,41122798952,0.5148
2023-10-27,211699217,41101294110,0.5151
2023-10-28,214520774,40762458192,0.5263
2023-10-29,214499309,41243799688,0.5201
2023-10-30,214507946,41651341145,0.515
2023-10-31,277323946,42287883980,0.6558
2023-11-01,251047954,41957583422,0.5983
2023-11-02,227856430,42872290546,0.5315
2023-11-03,255879465,42099528379,0.6078
2023-11-04,255767159,42919054803,0.5959
2023-11-05,255752791,43691190207,0.5854
2023-11-06,256829936,43648466438,0.5884
2023-11-07,256656546,43850867683,0.5853
2023-11-08,256825871,43854437514,0.5856
2023-11-09,257567768,44368871296,0.5805
2023-11-10,254483367,46659342736,0.5454
2023-11-11,254213816,46740189063,0.5439
2023-11-12,254331100,46547821863,0.5464
2023-11-13,254236702,46752924445,0.5438
2023-11-14,252751091,45969059176,0.5498
2023-11-15,252424961,45501891961,0.5548
2023-11-16,252578452,47220154912,0.5349
2023-11-17,254279682,45487940364,0.559
2023-11-18,254399173,45598841170,0.5579
2023-11-19,254265047,45800034836,0.5552
2023-11-20,254390473,46798266528,0.5436
2023-11-21,253020408,46818530363,0.5404
2023-11-22,252864056,44864770654,0.5636
2023-11-23,252637631,46780419409,0.54
2023-11-24,252704732,46785774971,0.5401
2023-11-25,250794880,47074046318,0.5328
2023-11-26,250937263,46944464087,0.5345
2023-11-27,250856020,46202903676,0.5429
2023-11-28,254396656,45641725712,0.5574
2023-11-29,251586086,46132204002,0.5454
2023-11-30,251897658,45947109543,0.5482
2023-12-01,252029733,46249530158,0.5449
2023-12-02,252188197,46835990405,0.5384
2023-12-03,252317902,48106188110,0.5245
2023-12-04,250351443,48589362175,0.5152
2023-12-05,250336979,49209604321,0.5087
2023-12-06,239888923,50340064125,0.4765
2023-12-07,239946768,49520577357,0.4845
2023-12-08,239487777,51011762745,0.4695
2023-12-09,239268200,51819114331,0.4617
2023-12-10,237452967,51030052423,0.4653
2023-12-11,237515818,50629345777,0.4691
2023-12-12,238191826,49280079604,0.4833
2023-12-13,235037197,48968046269,0.48
2023-12-14,234316134,50167494986,0.4671
2023-12-15,234379588,51330204876,0.4566
2023-12-16,227648428,49660737664,0.4584
2023-12-17,227901345,49971620767,0.4561
2023-12-18,227867776,49410260163,0.4612
2023-12-19,227921672,50388697364,0.4523
2023-12-20,224852829,49945469800,0.4502
2023-12-21,252942131,50993528992,0.496
2023-12-22,250292921,51669804020,0.4844
2023-12-23,250556103,52633408349,0.476
2023-12-24,250739530,52752098195,0.4753
2023-12-25,250770607,52332638778,0.4792
2023-12-26,250827849,52536725524,0.4774
2023-12-27,250462141,52219902239,0.4796
2023-12-28,251927610,54174270118,0.465
2023-12-29,252202554,53415231067,0.4722
2023-12-30,250872172,52749025422,0.4756
2023-12-31,250653920,52810902969,0.4746
2024-01-01,243486953,52599714575,0.4629
2024-01-02,243992089,54770861270,0.4455
2024-01-03,238890123,54630763766,0.4373
2024-01-04,237038864,52079923354,0.4551
2024-01-05,238058252,53606835381,0.4441
2024-01-06,237981531,53202448825,0.4473
2024-01-07,238003078,52762612008,0.4511
2024-01-08,238137303,52050778304,0.4575
2024-01-09,232462344,54048592936,0.4301
2024-01-10,232739666,54184013250,0.4295
2024-01-11,230990136,57362518301,0.4027
2024-01-12,231014731,57743866790,0.4001
2024-01-13,230821952,55542313385,0.4156
2024-01-14,231274142,56361177709,0.4103
2024-01-15,231301322,55601751304,0.416
2024-01-16,231094436,55870487201,0.4136
2024-01-17,231177477,56676991770,0.4079
2024-01-18,230796492,56009287142,0.4121
2024-01-19,230834304,54894190080,0.4205
2024-01-20,233090177,55068626767,0.4233
2024-01-21,233182749,55046829134,0.4236
2024-01-22,233196548,54884414103,0.4249
2024-01-23,231900314,52885902872,0.4385
2024-01-24,238860149,52263235883,0.457
2024-01-25,236725581,52452758697,0.4513
2024-01-26,235312880,52462851418,0.4485
2024-01-27,235795084,53815645931,0.4382
2024-01-28,234269657,54055575795,0.4334
2024-01-29,235857439,54006439172,0.4367
2024-01-30,266091593,55171857135,0.4823
2024-01-31,235567405,55004372066,0.4283
2024-02-01,234426643,53880057079,0.4351
2024-02-02,233519181,54673230224,0.4271
2024-02-03,233004847,54998427742,0.4237
2024-02-04,232940048,54525686746,0.4272
2024-02-05,233130894,54436885977,0.4283
2024-02-06,233079643,55916036702,0.4168
2024-02-07,231974485,57636920645,0.4025
2024-02-08,231277412,59003999306,0.392
2024-02-09,230944178,60099723396,0.3843
2024-02-10,230921912,61971527412,0.3726
2024-02-11,231170555,62191699395,0.3717
2024-02-12,231055475,62401551519,0.3703
2024-02-13,231457437,64893400641,0.3567
2024-02-14,231218716,64407526639,0.359
2024-02-15,240753944,67117428799,0.3587
2024-02-16,240238456,67265246672,0.3572
2024-02-17,236891263,66955354323,0.3538
2024-02-18,236524464,66940306489,0.3533
2024-02-19,236677311,68557781475,0.3452
2024-02-20,236671882,69730820956,0.3394
2024-02-21,235479744,70331792161,0.3348
2024-02-22,235128045,69691875438,0.3374
2024-02-23,231939393,69800002130,0.3323
2024-02-24,233402815,68848255791,0.339
2024-02-25,238536377,70131613967,0.3401
2024-02-26,238712350,71654786701,0.3331
2024-02-27,240206291,73835055076,0.3253
2024-02-28,233637635,75309392951,0.3102
2024-02-29,231481212,78455902300,0.295
2024-03-01,231885181,78150848990,0.2967
2024-03-02,230820263,80503479475,0.2867
2024-03-03,230458551,80557951007,0.2861
2024-03-04,230883936,82037004200,0.2814
2024-03-05,234512633,84503105758,0.2775
2024-03-06,234167226,82296587942,0.2845
2024-03-07,233823904,87585151041,0.267
2024-03-08,266951009,88396656217,0.302
2024-03-09,234104159,89808029443,0.2607
2024-03-10,233668672,90407579937,0.2585
2024-03-11,233172045,90297170587,0.2582
2024-03-12,278228452,94341660758,0.2949
2024-03-13,295593151,92790659674,0.3186
2024-03-14,278480886,94215586066,0.2956
2024-03-15,278783937,92174518863,0.3025
2024-03-16,250672961,89921151876,0.2788
2024-03-17,251755973,85408588432,0.2948
2024-03-18,250817756,88389246707,0.2838
2024-03-19,284755038,86106524275,0.3307
2024-03-20,285151690,79425003979,0.359
2024-03-21,285118800,87085437470,0.3274
2024-03-22,281716443,86296548264,0.3265
2024-03-23,251773610,83653745140,0.301
2024-03-24,251170428,84860848648,0.296
2024-03-25,246373870,87455020217,0.2817
2024-03-26,268685895,90906167787,0.2956
2024-03-27,319854259,91039483014,0.3513
2024-03-28,352460997,89663067723,0.3931
2024-03-29,270210995,91382912082,0.2957
2024-03-30,271261988,90752845587,0.2989
2024-03-31,269381181,90694121103,0.297
2024-04-01,269431305,92982875575,0.2898
2024-04-02,355869932,90678595764,0.3925
2024-04-03,356488077,86504560072,0.4121
2024-04-04,355529418,87280832126,0.4073
2024-04-05,357690920,87977029148,0.4066
2024-04-06,306453731,87804152509,0.349
2024-04-07,306979468,88814703575,0.3456
2024-04-08,306886078,90157078675,0.3404
2024-04-09,393638916,95073262309,0.414
2024-04-10,414598690,91934732778,0.451
2024-04-11,430341440,92852888723,0.4635
2024-04-12,430362807,93400399073,0.4608
2024-04-13,350079026,85840247649,0.4078
2024-04-14,353263476,79054320677,0.4469
2024-04-15,351020187,83495942601,0.4204
2024-04-16,449418167,83179677138,0.5403
2024-04-17,448693659,82242204682,0.5456
2024-04-18,448092290,80573424981,0.5561
2024-04-19,449408827,82545224597,0.5444
2024-04-20,348890633,83295104126,0.4189
2024-04-21,349712079,85639865494,0.4084
2024-04-22,349348864,85839692207,0.407
2024-04-23,451977948,87249194466,0.518
2024-04-24,444001249,87759369638,0.5059
2024-04-25,443556152,85285709689,0.5201
2024-04-26,445512212,85906344588,0.5186
2024-04-27,394355421,85037472457,0.4637
2024-04-28,395687445,87029704235,0.4547
2024-04-29,393802322,87359662166,0.4508
2024-04-30,498681727,85680801306,0.582
2024-05-01,494822917,81150985829,0.6098
2024-05-02,502676471,81036171929,0.6203
2024-05-03,510997701,82275396227,0.6211
2024-05-04,424071897,85553291950,0.4957
2024-05-05,420242090,86248536216,0.4872
2024-05-06,422385284,86908545306,0.486
2024-05-07,509343523,85544357409,0.5954
2024-05-08,509834980,84475188824,0.6035
2024-05-09,510154701,82884111888,0.6155
2024-05-10,509395480,84462054896,0.6031
2024-05-11,422040429,82184702130,0.5135
2024-05-12,422646289,82475206654,0.5125
2024-05-13,423036750,82878833925,0.5104
2024-05-14,526119232,82974367655,0.6341
2024-05-15,572296083,81527561855,0.702
2024-05-16,575450175,85239457951,0.6751
2024-05-17,566830388,84431226394,0.6714
2024-05-18,479473280,87393915627,0.5486
2024-05-19,479535746,88021021606,0.5448
2024-05-20,480534679,87099903919,0.5517
2024-05-21,615205568,96900164260,0.6349
2024-05-22,599831662,98480530893,0.6091
2024-05-23,604593491,98743359408,0.6123
2024-05-24,609807183,98021042010,0.6221
2024-05-25,528448292,97992164878,0.5393
2024-05-26,530422867,98554101584,0.5382
2024-05-27,531425839,100099704125,0.5309
2024-05-28,530834895,100708161706,0.5271
2024-05-29,650517052,99678845262,0.6526
2024-05-30,644964060,98374853938,0.6556
2024-05-31,648397182,98213575802,0.6602
2024-06-01,535381738,99033553379,0.5406
2024-06-02,535593359,99842540888,0.5364
2024-06-03,535413687,99528329401,0.538
2024-06-04,654871332,99384264464,0.6589
2024-06-05,711149406,100935854801,0.7046
2024-06-06,707702746,102155428964,0.6928
2024-06-07,725157239,101396038064,0.7152
2024-06-08,627251122,98852928185,0.6345
2024-06-09,628417962,98285470268,0.6394
2024-06-10,628234344,98719314745,0.6364
2024-06-11,764058915,97260944564,0.7856
2024-06-12,230324338,94675769768,0.2433
2024-06-13,231202123,96267010617,0.2402
2024-06-14,787993967,94393158200,0.8348
2024-06-15,105624109,94024633117,0.1123
2024-06-16,655373192,95339320514,0.6874
2024-06-17,652998839,96153736090,0.6791
2024-06-18,780930993,94014556259,0.8306
2024-06-19,656754363,92888997298,0.707
2024-06-20,657587083,93921624552,0.7001
2024-06-21,787163799,92602338173,0.85
2024-06-22,661453954,92464538818,0.7154
2024-06-23,662032572,92691848534,0.7142
2024-06-24,113966814,90797694136,0.1255
2024-06-25,795347702,88979087944,0.8939
2024-06-26,783479906,90641146677,0.8644
2024-06-27,787866789,89913082564,0.8763
2024-06-28,786345644,90960158247,0.8645
2024-06-29,666118151,89181110209,0.7469
2024-06-30,666184844,89435995612,0.7449
2024-07-01,666388633,91112037570,0.7314
2024-07-02,773635975,91637903515,0.8442
2024-07-03,780691348,90653624785,0.8612
2024-07-04,682075448,88129774999,0.7739
2024-07-05,680507862,83797477676,0.8121
2024-07-06,1173115431,82208088096,1.427
2024-07-07,1173696041,83355544594,1.4081
2024-07-08,1173191274,80741372841,1.453
2024-07-09,2307065452,82778186577,2.787
2024-07-10,2306385920,83867347870,2.75
2024-07-11,2313322509,84542556772,2.7363
2024-07-12,2349216556,84692387434,2.7738
2024-07-13,2268206926,85177276573,2.6629
2024-07-14,2269367337,86428480160,2.6257
2024-07-15,2278694311,88759541569,2.5673
2024-07-16,2374044513,91832387004,2.5852
2024-07-17,2381956023,92677719166,2.5701
2024-07-18,2386402294,91917033163,2.5963
2024-07-19,2381591391,91771466398,2.5951
2024-07-20,2302645277,94386395328,2.4396
2024-07-21,2307189199,94854512418,2.4323
2024-07-22,2313597184,95353967096,2.4263
2024-07-23,2394759633,94445058704,2.5356
2024-07-24,2400536958,94271189613,2.5464
2024-07-25,2399312827,91390757983,2.6253
2024-07-26,2378603009,89835546442,2.6477
2024-07-27,2250430828,92329035795,2.4374
2024-07-28,2259890180,92593798906,2.4406
2024-07-29,2273905970,92750149611,2.4516
2024-07-30,2377104897,93492717123,2.5426
2024-07-31,2393431389,92073828607,2.5995
2024-08-01,2410358314,90434982951,2.6653
2024-08-02,2424878986,89449384316,2.7109
2024-08-03,2429815794,85169159190,2.8529
2024-08-04,2433720955,82895929733,2.9359
2024-08-05,2432665656,77106318386,3.1549
2024-08-06,2383661530,72894319850,3.27
2024-08-07,2361932828,75274538496,3.1378
2024-08-08,2368959434,73008461485,3.2448
2024-08-09,2399697832,78754485076,3.0471
2024-08-10,2409653236,78998508376,3.0503
2024-08-11,2411617205,79383567652,3.0379
2024-08-12,2410920726,77349541678,3.1169
2024-08-13,2474627686,79083410404,3.1291
2024-08-14,2472878536,80602107408,3.068
2024-08-15,2474130413,78776286314,3.1407
2024-08-16,2471309344,77827217999,3.1754
2024-08-17,2476953137,78779823590,3.1441
2024-08-18,2481446492,79040800276,3.1395
2024-08-19,2482811734,79666434591,3.1165
2024-08-20,2480735554,79650258004,3.1145
2024-08-21,2490172368,79450698343,3.1342
2024-08-22,2496766590,80993062332,3.0827
2024-08-23,2493246132,80707733339,3.0892
2024-08-24,2535945323,84762374655,2.9918
2024-08-25,2533195344,84438667544,3.0
2024-08-26,2536602859,84868165646,2.9889
2024-08-27,2546394447,82813595085,3.0749
2024-08-28,2589745438,77987775548,3.3207
2024-08-29,2603765996,78450244965,3.319
2024-08-30,2618462698,78478669010,3.3365
2024-08-31,2614351108,78326010954,3.3378
2024-09-01,2614789245,78109441669,3.3476
2024-09-02,2619291441,76419208391,3.4275
2024-09-03,2635172535,78512078882,3.3564
2024-09-04,2649641540,76512646714,3.463
2024-09-05,2655272839,77280660697,3.4359
2024-09-06,2662376870,75692205329,3.5174
2024-09-07,2665722621,72230583058,3.6906
2024-09-08,2664902907,73510723884,3.6252
2024-09-09,2671136045,74419522811,3.5893
2024-09-10,2667085284,76492032894,3.4867
2024-09-11,2675329377,76989061024,3.4749
2024-09-12,2672197422,76462249149,3.4948
2024-09-13,2696322197,77189491514,3.4931
2024-09-14,2709514141,79706626854,3.3994
2024-09-15,2712856830,79003284089,3.4339
2024-09-16,2717242700,77581543405,3.5024
2024-09-17,2720382915,75807617517,3.5885
2024-09-18,2722150942,77491290012,3.5128
2024-09-19,2727124482,77500859088,3.5188
2024-09-20,2734445178,80389329914,3.4015
2024-09-21,2756428929,82390838281,3.3456
2024-09-22,2757681423,82995139374,3.3227
2024-09-23,2757743314,82336380417,3.3494
2024-09-24,2764296725,84179781173,3.2838
2024-09-25,2781406481,84844698630,3.2782
2024-09-26,2780091181,83301555353,3.3374
2024-09-27,2789141134,85394448835,3.2662
2024-09-28,2787416794,86527120380,3.2214
2024-09-29,2794187819,85981815444,3.2497
2024-09-30,2796166737,86027204236,3.2503
2024-10-01,2790327030,84293213979,3.3103
2024-10-02,2836802282,81030755483,3.5009
2024-10-03,2830730447,78705531626,3.5966
2024-10-04,2856587089,78442095644,3.6417
2024-10-05,2871116577,80403859439,3.5709
2024-10-06,2875000713,80101594225,3.5892
2024-10-07,2867746117,79643811871,3.6007
2024-10-08,2854527714,80154367288,3.5613
2024-10-09,2852879324,79334834055,3.596
2024-10-10,2850545258,77751119435,3.6662
2024-10-11,2876172226,77611111928,3.7059
2024-10-12,2913861661,80318488316,3.6279
2024-10-13,2911306001,81372509192,3.5778
2024-10-14,2908984760,81102873649,3.5868
2024-10-15,2918238536,84641159638,3.4478
2024-10-16,2931600567,83674512191,3.5036
2024-10-17,2947965410,83618686523,3.5255
2024-10-18,2945891834,82404898978,3.5749
2024-10-19,2988424838,83182694776,3.5926
2024-10-20,2987983285,83242004713,3.5895
2024-10-21,2994080759,85298290241,3.5101
2024-10-22,3009685206,85412554438,3.5237
2024-10-23,3035714961,85408729398,3.5543
2024-10-24,2999847403,83392471485,3.5973
2024-10-25,3005268610,84762108489,3.5455
2024-10-26,2999133664,82456814907,3.6372
2024-10-27,2998981115,82768210684,3.6233
2024-10-28,3002200610,82856978559,3.6234
2024-10-29,3011078880,84319480256,3.571
2024-10-30,3016822659,86291850998,3.4961
2024-10-31,3022184602,86745503038,3.484
2024-11-01,2988213079,83716326082,3.5695
2024-11-02,3001217538,83598893536,3.59
2024-11-03,3000666852,83130417027,3.6096
2024-11-04,2999607280,82455114485,3.6379
2024-11-05,2992996221,80645860071,3.7113
2024-11-06,2987517278,82392802667,3.6259
2024-11-07,2941559891,89525182859,3.2857
2024-11-08,2959779823,92266891356,3.2078
2024-11-09,2948873691,93625909768,3.1496
2024-11-10,2945484032,96698487531,3.046
2024-11-11,2946516136,99246448077,2.9689
2024-11-12,2946583399,103871253496,2.8368
2024-11-13,2917557422,103354129244,2.8229
2024-11-14,2265967674,101949288801,2.2226
2024-11-15,2235828581,99465218210,2.2478
2024-11-16,2214508375,101617048820,2.1793
2024-11-17,2209603967,102588915960,2.1538
2024-11-18,2222057762,102093386424,2.1765
2024-11-19,2338806788,104632558338,2.2353
2024-11-20,2362179892,103364459671,2.2853
2024-11-21,2379423109,103070536406,2.3085
2024-11-22,3035332715,109829667108,2.7637
2024-11-23,3077392918,110291651418,2.7902
2024-11-24,3080202494,112030553204,2.7494
2024-11-25,3078044368,111596085642,2.7582
2024-11-26,3049796079,110082795418,2.7705
2024-11-27,3044180606,108593779331,2.8033
2024-11-28,3059611294,117012599067,2.6148
2024-11-29,3073021358,115818066346,2.6533
2024-11-30,3084073388,117523908641,2.6242
2024-12-01,3093536366,119835468205,2.5815
2024-12-02,3111919873,120292430388,2.587
2024-12-03,3120051890,118691859588,2.6287
2024-12-04,3148423848,126837718557,2.4822
2024-12-05,3132346089,125517643572,2.4955
2024-12-06,3116866657,124468460005,2.5041
2024-12-07,3146282836,129729745875,2.4253
2024-12-08,3194563826,129960818432,2.4581
2024-12-09,3267266850,129832802877,2.5165
2024-12-10,3306195720,120183273039,2.751
2024-12-11,3383045088,120159575163,2.8155
2024-12-12,3484446364,126774110120,2.7485
2024-12-13,3508642574,127999258758,2.7411
2024-12-14,3510757505,129032544928,2.7208
2024-12-15,3513476027,128084481824,2.7431
2024-12-16,3520278140,131005571018,2.6871
2024-12-17,3573745169,133218746095,2.6826
2024-12-18,3593196348,130454179893,2.7544
2024-12-19,3715860557,123741444794,3.0029
2024-12-20,3922259504,117790699246,3.3299
2024-12-21,4078490992,118048061309,3.4549
2024-12-22,4096663570,114703757724,3.5715
2024-12-23,4115835222,113918453006,3.613
2024-12-24,4157439036,117612725882,3.5349
2024-12-25,4221048925,120730108084,3.4963
2024-12-26,4288374872,120720227601,3.5523
2024-12-27,4367962872,116423045931,3.7518
2024-12-28,4421457078,116040869145,3.8103
2024-12-29,4438119842,118343999074,3.7502
2024-12-30,4446881445,116771230550,3.8082
2024-12-31,4409867994,116006124119,3.8014
2025-01-01,4302706062,115538955657,3.724
2025-01-02,4346953157,117260699934,3.7071
2025-01-03,4422616069,120046963112,3.6841
2025-01-04,4460007317,124255039725,3.5894
2025-01-05,4497710839,125509086248,3.5836
2025-01-06,4529243521,125192195062,3.6178
2025-01-07,4553200006,126823960055,3.5902
2025-01-08,4550729960,118598809904,3.8371
2025-01-09,4471916667,116779309000,3.8294
2025-01-10,4428505170,113711117951,3.8945
2025-01-11,4352517223,115979577555,3.7528
2025-01-12,4323257696,116525386475,3.7101
2025-01-13,4313308769,115385694531,3.7382
2025-01-14,4300313002,112932375580,3.8079
2025-01-15,4297783890,116130986137,3.7008
2025-01-16,4201278793,122282964907,3.4357
2025-01-17,4201213992,120006409091,3.5008
2025-01-18,4195760914,125019270394,3.3561
2025-01-19,4186448513,121996324627,3.4316
2025-01-20,4032467953,119241451926,3.3818
2025-01-21,4004037783,120176924321,3.3318
2025-01-22,3851341073,122959505520,3.1322
2025-01-23,4016408273,121721535270,3.2997
2025-01-24,4011715586,122739239779,3.2685
2025-01-25,4030553137,122424323007,3.2923
2025-01-26,4035715695,123302001697,3.273
2025-01-27,4022597996,121111538674,3.3214
2025-01-28,3983480301,117851128121,3.3801
2025-01-29,3969669911,115567294190,3.4349
2025-01-30,3956050556,117660408249,3.3623
2025-01-31,3979402050,120868311049,3.2923
2025-02-01,4028243948,119794842398,3.3626
2025-02-02,4072244914,115270117333,3.5328
2025-02-03,4062451854,106934043732,3.799
2025-02-04,4055037020,109784229073,3.6936
2025-02-05,4091360292,106060943106,3.8576
2025-02-06,4106321285,106822694550,3.8441
2025-02-07,4096988132,106492986855,3.8472
2025-02-08,4100405787,106043290050,3.8667
2025-02-09,4100831638,106821583316,3.839
2025-02-10,4104293681,106852727357,3.8411
2025-02-11,4117531349,108392126716,3.7987
2025-02-12,4109389200,107083667803,3.8375
2025-02-13,4107971447,110836012129,3.7064
2025-02-14,4145175297,109375378614,3.7899
2025-02-15,4121644187,110362536479,3.7346
2025-02-16,4118571291,109906722634,3.7473
2025-02-17,4114228715,109004761967,3.7744
2025-02-18,4121668492,108835329214,3.7871
2025-02-19,4223648718,107130125066,3.9425
2025-02-20,4267090387,109021026496,3.914
2025-02-21,4314167693,110359873537,3.9092
2025-02-22,4313629000,106978306862,4.0322
2025-02-23,4311311833,109050575251,3.9535
2025-02-24,4314181253,110348030171,3.9096
2025-02-25,4317548004,102526148056,4.2112
2025-02-26,4268157547,100715070805,4.2379
2025-02-27,4323425807,96064324819,4.5006
2025-02-28,4357828615,95832172182,4.5474
2025-03-01,4290861956,96141914529,4.4631
2025-03-02,4320783967,96524193243,4.4764
2025-03-03,4316929274,104754813568,4.121
2025-03-04,4358123742,94681387104,4.6029
2025-03-05,4378449227,95192174131,4.5996
2025-03-06,4367870854,98213316579,4.4473
2025-03-07,4345671294,95921008240,4.5305
2025-03-08,4460013302,95332045396,4.6784
2025-03-09,4458918971,95927862913,4.6482
2025-03-10,4449667599,90293703448,4.928
2025-03-11,4417999413,86436584040,5.1113
2025-03-12,4568679868,89012950993,5.1326
2025-03-13,4856235140,89396485376,5.4322
2025-03-14,5094337021,88701860809,5.7432
2025-03-15,5570293363,90939405196,6.1253
2025-03-16,5569970324,92152447526,6.0443
2025-03-17,5571317982,90406432364,6.1625
2025-03-18,5566660778,91795821765,6.0642
2025-03-19,5765657005,91786330423,6.2816
2025-03-20,5884643908,94541079114,6.2244
2025-03-21,5966911967,92118080751,6.4775
2025-03-22,6176914033,92003593704,6.7138
2025-03-23,6172551078,92654132140,6.6619
2025-03-24,6202899425,94312082325,6.577
2025-03-25,6444152401,97582596303,6.6038
2025-03-26,6919874295,98437952280,7.0297
2025-03-27,6910399493,97111049277,7.116
2025-03-28,6919738217,96748896160,7.1523
2025-03-29,6895296447,92901229215,7.4222
2025-03-30,6894039267,90716753605,7.5995
2025-03-31,6892827877,89486558004,7.7026
2025-04-01,6897370142,91576533700,7.5318
2025-04-02,6879893085,93296196731,7.3742
2025-04-03,6889932169,90546579358,7.6093
2025-04-04,6880033358,91303000849,7.5354
2025-04-05,6852673751,91822250396,7.463
2025-04-06,6847957333,91442335017,7.4888
2025-04-07,6790278616,84645560446,8.022
2025-04-08,6937442515,84238462647,8.2355
2025-04-09,7126651630,81951096948,8.6962
2025-04-10,7348329056,87686686069,8.3802
2025-04-11,7524614769,84167909058,8.94
2025-04-12,7671205199,85829055232,8.9378
2025-04-13,7653752594,88034454008,8.694
2025-04-14,7650076500,87177854531,8.7753
2025-04-15,7711175780,87248543317,8.8382
2025-04-16,7791525007,86840247162,8.9723
2025-04-17,7921213438,85947998169,9.2163
2025-04-18,8010377962,86186154992,9.2943
2025-04-19,8003170694,85730775285,9.3352
2025-04-20,7999692069,87026768035,9.1922
2025-04-21,8017035050,86669565209,9.2501
2025-04-22,8068912608,86037443816,9.3784
2025-04-23,8190596477,91565301101,8.9451
2025-04-24,8232461608,92831747005,8.8682
2025-04-25,8245690852,93766914739,8.7938
2025-04-26,8251172275,95941999555,8.6002
2025-04-27,8254444391,97006191583,8.5092
2025-04-28,8252901090,96288906619,8.571
2025-04-29,8239452444,96840474004,8.5083
2025-04-30,8223419353,96130201946,8.5545
2025-05-01,8355773090,96005324559,8.7034
2025-05-02,8516200835,97927758111,8.6964
2025-05-03,8551906692,98499903864,8.6821
2025-05-04,8554182372,97924344072,8.7355
2025-05-05,8555898536,96949186848,8.8251
2025-05-06,8658343236,96530036791,8.9696
2025-05-07,8896127274,96545774257,9.2144
2025-05-08,9083863552,95618452596,9.5001
2025-05-09,9084484490,105420732664,8.6174
2025-05-10,9170798452,108411999911,8.4592
2025-05-11,9156687728,114479370725,7.9985
2025-05-12,9138567650,113078770795,8.0816
2025-05-13,9106260802,111208453643,8.1885
2025-05-14,9118323919,115531810939,7.8925
2025-05-15,9076761496,112761220419,8.0495
2025-05-16,9151847795,110679735558,8.2688
2025-05-17,9167448746,110738800914,8.2784
2025-05-18,9178672954,109596796202,8.3749
2025-05-19,9192103858,110413227467,8.3252
2025-05-20,9196737850,111539971637,8.2452
2025-05-21,9297493511,112290119912,8.2799
2025-05-22,9316172556,114274759360,8.1524
2025-05-23,9317045728,116517038691,7.9963
2025-05-24,9349959703,111938844579,8.3527
2025-05-25,9354825219,112119150477,8.3436
2025-05-26,9340338323,113292844686,8.2444
2025-05-27,9347302709,114077804428,8.1938
2025-05-28,9312637819,115960296781,8.0309
2025-05-29,9289229494,115608768696,8.0351
2025-05-30,9340106419,113024937509,8.2638
2025-05-31,9326929650,109984566878,8.4802
2025-06-01,9321566725,110171396429,8.461
2025-06-02,9333381907,110870749588,8.4183
2025-06-03,9370873273,110374502891,8.4901
2025-06-04,9363483097,109778310672,8.5294
2025-06-05,9371155367,109796231940,8.535
2025-06-06,9395293893,104889816032,8.9573
2025-06-07,9356340410,107216506969,8.7266
2025-06-08,9354714067,108880072668,8.5918
2025-06-09,9358141653,108764605605,8.604
2025-06-10,9356836351,113021026818,8.2788
2025-06-11,9432770033,116278767796,8.1122
2025-06-12,9442753929,115489425116,8.1763
2025-06-13,9454716191,109837076421,8.6079
2025-06-14,9465006402,109861444990,8.6154
2025-06-15,9479613374,108862772933,8.7079
2025-06-16,9475997662,109198365616,8.6778
2025-06-17,9470693408,111453703094,8.4974
2025-06-18,9475533979,109751167751,8.6337
2025-06-19,9502911609,110150807115,8.6272
2025-06-20,9505835055,110159772557,8.6291
2025-06-21,9524954804,106735802221,8.9239
2025-06-22,9532164809,103493723286,9.2104
2025-06-23,9530648986,100984104023,9.4378
2025-06-24,9528425035,106986475112,8.9062
2025-06-25,9558709039,108642464619,8.7983
2025-06-26,9589538732,108475808941,8.8403
2025-06-27,9576184587,107185133801,8.9342
2025-06-28,9558851165,107629218347,8.8813
2025-06-29,9555726134,109230286665,8.7482
2025-06-30,9546603154,110827593172,8.6139
2025-07-01,9580990343,110415246358,8.6772
2025-07-02,9586600045,108230511677,8.8576
2025-07-03,9577252538,112019427480,8.5496
2025-07-04,9565576745,113558813285,8.4235
2025-07-05,9592672796,111315003862,8.6176
2025-07-06,9587405539,111875250437,8.5697
2025-07-07,9580430470,113313880867,8.4548
2025-07-08,9582837500,112257001577,8.5365
2025-07-09,9567198930,114182885485,8.3788
2025-07-10,9566281584,118090275283,8.1008
2025-07-11,9576574222,122874996945,7.7938
2025-07-12,9606227285,123340087826,7.7884
2025-07-13,9603204493,123076800943,7.8026
2025-07-14,9599806158,124455433459,7.7134
2025-07-15,9594982250,124899448975,7.6822
2025-07-16,9583285610,126552462146,7.5726
2025-07-17,9596661916,130147552594,7.3737
2025-07-18,9268344438,132263534608,7.0075
2025-07-19,9065733076,133753122213,6.778
2025-07-20,9079512287,134735401077,6.7388
2025-07-21,9067131115,138495026766,6.5469
2025-07-22,8877634235,138451609104,6.4121
2025-07-23,8892591800,139921180165,6.3554
2025-07-24,7997042508,136492249496,5.859
2025-07-25,8858161034,135986757160,6.514
2025-07-26,8829442941,137912589612,6.4022
2025-07-27,8831198222,138714658964,6.3664
2025-07-28,8819833679,142440808027,6.1919
2025-07-29,8831953539,139404950551,6.3355
2025-07-30,8936770007,139031702691,6.4279
2025-07-31,8955691089,138823024644,6.4512
2025-08-01,9028464661,135864023247,6.6452
2025-08-02,9102437759,130819250718,6.958
2025-08-03,9581044825,128502369892,7.4559
2025-08-04,9592187089,132025325501,7.2654
2025-08-05,9373457477,136509905083,6.8665
2025-08-06,9514787943,135276465469,7.0336
2025-08-07,9545928400,137413583520,6.9469
2025-08-08,9622319370,143630318162,6.6994
2025-08-09,10117581412,144735931362,6.9904
2025-08-10,10109215947,149343510465,6.7691
2025-08-11,10111234054,149039986690,6.7842
2025-08-12,10259914154,147865482253,6.9387
2025-08-13,10309096408,154791486728,6.66
2025-08-14,10370978007,158015462017,6.5633
2025-08-15,11078349969,153296980695,7.2267
2025-08-16,11060622928,150514010348,7.3486
2025-08-17,11053263365,150654359174,7.3368
2025-08-18,11059665528,151006384909,7.324
2025-08-19,11120734290,148297426605,7.4989
2025-08-20,11150941425,142946435702,7.8008
2025-08-21,11227350502,148224259883,7.5746
2025-08-22,11241299913,146963163254,7.6491
2025-08-23,11290132507,158349164189,7.1299
2025-08-24,11281785403,159536530312,7.0716
2025-08-25,11274829146,156635936016,7.1981
2025-08-26,11281719440,149794057676,7.5315
2025-08-27,11293136227,154248678556,7.3214
2025-08-28,11266539248,153817323439,7.3246
2025-08-29,11305429988,155056401256,7.2912
2025-08-30,11381352372,151018204833,7.5364
2025-08-31,11387834167,151291221476,7.5271
2025-09-01,11406217710,150892646317,7.5592
2025-09-02,11462489226,148806576741,7.7029
2025-09-03,11319981682,149969422096,7.5482
2025-09-04,11383958882,153434206391,7.4194
2025-09-05,11455984355,150401967576,7.6169
2025-09-06,11477793917,150926350881,7.6049
2025-09-07,11492886199,150018623942,7.661
2025-09-08,11436787260,151581432965,7.545
2025-09-09,11774712580,152441169862,7.7241
2025-09-10,11839196944,152444916886,7.7662
2025-09-11,11890141817,154441921108,7.6988
2025-09-12,12039414526,157026846845,7.6671
2025-09-13,12109799088,162346461930,7.4592
2025-09-14,12042439097,161676162590,7.4485
2025-09-15,11972523534,159799805073,7.4922
2025-09-16,12128505115,158212943854,7.6659
2025-09-17,12117698028,158162755477,7.6615
2025-09-18,12135412665,160751381511,7.5492
2025-09-19,12101632210,161571653989,7.4899
2025-09-20,12143280775,158902173243,7.642
2025-09-21,12141810347,160453094473,7.5672
2025-09-22,12147998120,158538614532,7.6625
2025-09-23,12207673271,152832931429,7.9876
2025-09-24,12291247700,150779692818,8.1518
2025-09-25,12273448126,150996493706,8.1283
2025-09-26,12323827339,145800588320,8.4525
2025-09-27,12324142324,149068757651,8.2674
2025-09-28,12334884931,150313640865,8.2061
2025-09-29,12335964622,154229974985,7.9984
2025-09-30,12693128977,156135711862,8.1295
2025-10-01,12861663725,155455254085,8.2735
2025-10-02,12961365757,161457310484,8.0277
2025-10-03,13099353970,164774789033,7.9499
2025-10-04,13144596052,166245550212,7.9067
2025-10-05,13138963444,165883693565,7.9206
2025-10-06,13150036616,166854168181,7.8812
2025-10-07,13274587368,171199139389,7.7539
2025-10-08,13354815955,167322643522,7.9815
2025-10-09,13421883209,169099645116,7.9373
2025-10-10,13457722999,164882793681,8.162
2025-10-11,13474747749,147789050059,9.1176
2025-10-12,13467659232,145795247288,9.2374
2025-10-13,13496001144,155867737505,8.6586
2025-10-14,13507832106,159038997928,8.4934
2025-10-15,13551966811,156068785010,8.6833
2025-10-16,13623490288,151041088833,9.0197
2025-10-17,13779942355,148182178492,9.2993
2025-10-18,14337821860,145646153909,9.8443
2025-10-19,14326662657,148586598982,9.642
2025-10-20,14322595093,149038234604,9.61
2025-10-21,14521701306,151114653781,9.6097
2025-10-22,14331276227,147701980534,9.7028
2025-10-23,14365177718,144960132721,9.9097
2025-10-24,14398992645,147010390338,9.7945
2025-10-25,14448821006,149245373046,9.6813
2025-10-26,14449974052,149591697854,9.6596
2025-10-27,14417275782,154886728220,9.3083
2025-10-28,14342763425,154117811336,9.3064
2025-10-29,14383675703,151056380184,9.5221
2025-10-30,14381905626,149930151703,9.5924
2025-10-31,14432066975,146894330130,9.8248
2025-11-01,14501915490,147217961258,9.8506
2025-11-02,14509161400,147266073587,9.8523
2025-11-03,14490814165,147481933773,9.8255
2025-11-04,14464320683,139098753007,10.3986
2025-11-05,14442715582,128993495481,11.1965
2025-11-06,14521858638,130127063121,11.1598
2025-11-07,14523334096,127456214117,11.3948
2025-11-08,14509159077,130091378756,11.1531
2025-11-09,14500345444,128992952900,11.2412
2025-11-10,14558268605,133186600254,10.9307
2025-11-11,14330326831,133375320717,10.7444
2025-11-12,14381055623,129521244158,11.1032
2025-11-13,14150315751,129075684861,10.9628
2025-11-14,14237501202,126219396261,11.28
2025-11-15,14163467014,123729022923,11.4472
2025-11-16,14174524493,123869017337,11.4432
2025-11-17,14171899693,121025068904,11.7099
2025-11-18,13782807597,118638641637,11.6175
2025-11-19,13828850397,121589993183,11.3733
2025-11-20,13972037842,119263519635,11.7153
2025-11-21,14007198249,115268364551,12.1518
2025-11-22,13989497355,111590877907,12.5364
2025-11-23,13972899668,110136567891,12.6869
2025-11-24,13964832727,111859200661,12.4843
2025-11-25,14032864024,115617281488,12.1373
2025-11-26,13649749477,115741548112,11.7933
2025-11-27,13694247736,118137156197,11.5918
2025-11-28,13744998285,117784984060,11.6696
2025-11-29,13813551002,117687168367,11.7375
2025-11-30,13826349098,116405022483,11.8778
2025-12-01,13822826602,115366381704,11.9817
2025-12-02,13890741949,111113365174,12.5014
2025-12-03,13908003368,116102898588,11.979
2025-12-04,13364726961,120607999929,11.0811
2025-12-05,13486066216,119049930343,11.3281
2025-12-06,14004953764,116850099709,11.9854
2025-12-07,14034569865,116809749492,12.0149
2025-12-08,14028009611,117233200384,11.9659
2025-12-09,14031189099,117906078638,11.9003
2025-12-10,13597617602,121425771845,11.1983
2025-12-11,13687803226,120640841409,11.3459
2025-12-12,13695809059,120238740742,11.3905
2025-12-13,13727964529,118329710850,11.6015
2025-12-14,13725444980,119180291246,11.5165
2025-12-15,13735244279,118812994746,11.5604
2025-12-16,13754519810,115674715451,11.8907
2025-12-17,13770288088,116641593570,11.8056
2025-12-18,13802906515,113778582219,12.1314
2025-12-19,13792188881,113227651046,12.1809
2025-12-20,13826094213,116342373411,11.884
2025-12-21,13827748761,116807458675,11.8381
2025-12-22,13830356425,117616918169,11.7588
2025-12-23,13946617111,117193982305,11.9005
2025-12-24,14162067528,114908704088,12.3246
2025-12-25,14159955697,115162686090,12.2956
2025-12-26,14184694565,114437980526,12.3951
2025-12-27,14192575543,114489660526,12.3964
2025-12-28,14205346953,115107834623,12.3409
2025-12-29,14170701487,115551455909,12.2635
2025-12-30,14152499533,113675057878,12.45
2025-12-31,14169262184,113513549039,12.4824
2026-01-01,14129386059,114559085474,12.3337
2026-01-02,14159252750,117024697695,12.0994
2026-01-03,14203986218,119309134704,11.9052
2026-01-04,14049140385,120689140525,11.6408
2026-01-05,14120974224,121479719690,11.6241
2026-01-06,14168690911,123991181737,11.4272
2026-01-07,14179571048,124724044053,11.3688
2026-01-08,14277610275,121501572687,11.751
2026-01-09,14262052218,119690646384,11.9158
2026-01-10,14308142698,118824191796,12.0414
2026-01-11,14322849578,119865901389,11.9491
2026-01-12,14347521624,120676465092,11.8892
2026-01-13,14452197945,119272522574,12.117
2026-01-14,14563811304,125932465655,11.5648
2026-01-15,14617383672,127748708842,11.4423
2026-01-16,14862121309,126806183026,11.7203
2026-01-17,14880817082,126955313728,11.7213
2026-01-18,14911751403,127890513095,11.6598
2026-01-19,15153772607,125203375158,12.1033
2026-01-20,15154879157,124672244809,12.1558
2026-01-21,15429544553,117677379819,13.1117
2026-01-22,15742118574,118841419275,13.2463
2026-01-23,16179568186,118198158143,13.6885
2026-01-24,16309897977,118062623444,13.8146
2026-01-25,16359273196,118675068377,13.7849
2026-01-26,16321431968,114931014601,14.2011
2026-01-27,16244344131,117772878042,13.7929
2026-01-28,16593565699,119750233970,13.8568
2026-01-29,17073549566,119928731067,14.2364
2026-01-30,17144028631,114832350274,14.9296
2026-01-31,14707850127,112726562071,13.0474
2026-02-01,15593543631,106393176303,14.6565
2026-02-02,15555542768,102646568810,15.1545
2026-02-03,15584094361,103979439095,14.9877
2026-02-04,16455717351,102363093495,16.0758
2026-02-05,17742425998,99684369472,17.7986
2026-02-06,17421006278,89568405175,19.4499
2026-02-07,17799995543,95657539086,18.608
2026-02-08,17905024139,96984583028,18.4617
2026-02-09,17957264692,97656705400,18.3882
2026-02-10,17937826961,97379391302,18.4206
2026-02-11,18394552229,95582504453,19.2447
2026-02-12,18407367030,94342113542,19.5113
2026-02-13,18227306662,93930671932,19.4051
2026-02-14,18394945723,96130248438,19.1354
2026-02-15,18423089650,96880926576,19.0162
2026-02-16,18408954050,94941886706,19.3897
2026-02-17,18502607315,95212301513,19.433
2026-02-18,18421410464,94872338815,19.4171
2026-02-19,18582498952,92210621013,20.1522
2026-02-20,18612560613,92481406607,20.1257
2026-02-21,18801806809,92509806071,20.3241
2026-02-22,18833354887,92816096430,20.291
2026-02-23,18878176225,91934188658,20.5344
2026-02-24,18945783138,89046145455,21.2764
2026-02-25,18901146584,88786090924,21.2884
2026-02-26,19033712764,93479284688,20.3614
2026-02-27,19076594326,92918352028,20.5305
2026-02-28,19310009348,90873297543,21.2494
2026-03-01,19400172463,91570412716,21.1861
2026-03-02,19424580326,90644982126,21.4293
2026-03-03,19544255493,93022304428,21.0103
2026-03-04,19554942997,91626657403,21.342
2026-03-05,19588072614,95721520159,20.4636
2026-03-06,19521320034,95220263755,20.5012
2026-03-07,19699319946,92820406562,21.223
2026-03-08,19700468709,92816994592,21.2251
2026-03-09,19529613971,92175148819,21.1875
2026-03-10,19762711404,94119837732,20.9974
2026-03-11,19899835287,94301391464,21.1024
2026-03-12,19667027640,93809656470,20.9648
2026-03-13,19870028652,95212484850,20.8691
2026-03-14,20020003309,94792022990,21.1199
2026-03-15,20014337564,95501700906,20.957
2026-03-16,19976162954,97290987308,20.5324
2026-03-17,20009472762,99995155002,20.0104
2026-03-18,20253334510,99519165715,20.3512
2026-03-19,20209628292,96166655100,21.0152
2026-03-20,20242362360,94366629801,21.4508
2026-03-21,20173859841,95748666345,21.0696
2026-03-22,20170010713,94881123809,21.2582
2026-03-23,20044231882,92493658324,21.6709
2026-03-24,20090526164,94926108742,21.1644
2026-03-25,20330696337,95161040619,21.3645
2026-03-26,20530138785,95963480645,21.3937
2026-03-27,20663505296,93338418175,22.1383
2026-03-28,20715347675,91688568432,22.5932
2026-03-29,20703582669,91949819829,22.5162
2026-03-30,20619943439,91973623560,22.4194
2026-03-31,21133444186,92047497229,22.9593
2026-04-01,21654703399,94279063561,22.9687
2026-04-02,21944119911,93513920770,23.4662
2026-04-03,22280095862,91884435961,24.248
2026-04-04,22110659630,91488680863,24.1676
2026-04-05,22085085918,91974277104,24.0122
2026-04-06,22005817608,93357088304,23.5717
2026-04-07,22142805938,91609652661,24.1708
2026-04-08,22994004260,94934003416,24.221
2026-04-09,23019166118,94088823990,24.4654
2026-04-10,23124136167,94727190081,24.4113
2026-04-11,23169775264,95870846613,24.1677
2026-04-12,23176338689,96658056216,23.9777
2026-04-13,23083189673,94183961364,24.5086
2026-04-14,23353830768,98168508692,23.7895
2026-04-15,23503017390,97313564987,24.1518
