date,Treasuries,Private Credit,Commodities,Real Estate,Other
2021-11-02,0,0,0,23888182.0,0
2021-11-03,0,0,0,23930540.0,0
2021-11-04,0,0,0,23862840.0,0
2021-11-05,0,0,0,23930540.0,0
2021-11-06,0,0,0,23930540.0,0
2021-11-07,0,0,0,24169845.0,0
2021-11-08,0,0,0,23930540.0,0
2021-11-09,0,0,0,23930540.0,0
2021-11-10,0,0,0,23906394.0,0
2021-11-11,0,0,0,24836826.0,0
2021-11-12,0,0,0,24836826.0,0
2021-11-13,0,0,0,24836826.0,0
2021-11-14,0,0,0,24836826.0,0
2021-11-15,0,0,0,24836826.0,0
2021-11-16,0,0,0,24836826.0,0
2021-11-17,0,0,0,24836826.0,0
2021-11-18,0,0,0,24836826.0,0
2021-11-19,0,0,0,24836826.0,0
2021-11-20,0,0,0,25085194.0,0
2021-11-21,0,0,0,25085194.0,0
2021-11-22,0,0,0,24836826.0,0
2021-11-23,0,0,0,24944868.0,0
2021-11-24,0,0,0,24944868.0,0
2021-11-25,0,0,0,24944868.0,0
2021-11-26,0,0,0,26209798.0,0
2021-11-27,0,0,0,26167102.0,0
2021-11-28,0,0,0,26209798.0,0
2021-11-29,0,0,0,26208539.0,0
2021-11-30,0,0,0,26132872.0,0
2021-12-01,0,0,0,26150459.0,0
2021-12-02,0,0,0,26209798.0,0
2021-12-03,0,0,0,26402502.0,0
2021-12-04,0,0,0,26411700.0,0
2021-12-05,0,0,0,26383338.0,0
2021-12-06,0,0,0,26332983.0,0
2021-12-07,0,0,0,26432953.0,0
2021-12-08,0,0,0,27233700.0,0
2021-12-09,0,0,0,27687530.0,0
2021-12-10,0,0,0,27670751.0,0
2021-12-11,0,0,0,27579936.0,0
2021-12-12,0,0,0,27677230.0,0
2021-12-13,0,0,0,27625565.0,0
2021-12-14,0,0,0,27643146.0,0
2021-12-15,0,0,0,27687530.0,0
2021-12-16,0,0,0,27686367.0,0
2021-12-17,0,0,0,28227484.0,0
2021-12-18,0,0,0,28230590.0,0
2021-12-19,0,0,0,28230590.0,0
2021-12-20,0,0,0,28230590.0,0
2021-12-21,0,0,0,28230590.0,0
2021-12-22,0,0,0,28230590.0,0
2021-12-23,0,0,0,28512895.0,0
2021-12-24,0,0,0,28230590.0,0
2021-12-25,0,0,0,28230590.0,0
2021-12-26,0,0,0,28230590.0,0
2021-12-27,0,0,0,28212635.0,0
2021-12-28,0,0,0,28789362.0,0
2021-12-29,0,0,0,28968037.0,0
2021-12-30,0,0,0,28937041.0,0
2021-12-31,0,0,0,28937881.0,0
2022-01-01,0,0,0,28968037.0,0
2022-01-02,0,0,0,28968037.0,0
2022-01-03,0,0,0,28968037.0,0
2022-01-04,0,0,0,28974454.0,0
2022-01-05,0,0,0,28987412.0,0
2022-01-06,0,0,0,28987412.0,0
2022-01-07,0,0,0,28987412.0,0
2022-01-08,0,0,0,28987412.0,0
2022-01-09,0,0,0,28987412.0,0
2022-01-10,0,0,0,31247161.0,0
2022-01-11,0,0,0,31301532.0,0
2022-01-12,0,0,0,31280998.0,0
2022-01-13,0,0,0,31301532.0,0
2022-01-14,0,0,0,31301532.0,0
2022-01-15,0,0,0,31301532.0,0
2022-01-16,0,0,0,31301532.0,0
2022-01-17,0,0,0,31301532.0,0
2022-01-18,0,0,0,31301532.0,0
2022-01-19,0,0,0,31301532.0,0
2022-01-20,0,0,0,31332426.0,0
2022-01-21,0,0,0,31332426.0,0
2022-01-22,0,0,0,31262523.0,0
2022-01-23,0,0,0,31332426.0,0
2022-01-24,0,0,0,31332426.0,0
2022-01-25,0,0,0,31265719.0,0
2022-01-26,0,0,0,31247640.0,0
2022-01-27,0,0,0,31332426.0,0
2022-01-28,0,0,0,33216756.0,0
2022-01-29,0,0,0,33214729.0,0
2022-01-30,0,0,0,33216756.0,0
2022-01-31,0,0,0,33216756.0,0
2022-02-01,0,0,0,33180250.0,0
2022-02-02,0,0,0,33216756.0,0
2022-02-03,0,0,0,33216756.0,0
2022-02-04,0,0,0,33201575.0,0
2022-02-05,0,0,0,33548923.0,0
2022-02-06,0,0,0,33216756.0,0
2022-02-07,0,0,0,33216756.0,0
2022-02-08,0,0,0,33216025.0,0
2022-02-09,0,0,0,33216756.0,0
2022-02-10,0,0,0,33216756.0,0
2022-02-11,0,0,0,33444996.0,0
2022-02-12,0,0,0,33430480.0,0
2022-02-13,0,0,0,33478440.0,0
2022-02-14,0,0,0,33511885.0,0
2022-02-15,0,0,0,33478440.0,0
2022-02-16,0,0,0,33468108.0,0
2022-02-17,0,0,0,33468108.0,0
2022-02-18,0,0,0,33456661.0,0
2022-02-19,0,0,0,34124047.0,0
2022-02-20,0,0,0,34158137.0,0
2022-02-21,0,0,0,34089958.0,0
2022-02-22,0,0,0,34158137.0,0
2022-02-23,0,0,0,34080480.0,0
2022-02-24,0,0,0,34089958.0,0
2022-02-25,0,0,0,34124047.0,0
2022-02-26,0,0,0,35926263.0,0
2022-02-27,0,0,0,36007379.0,0
2022-02-28,0,0,0,36202959.0,0
2022-03-01,0,0,0,36125220.0,0
2022-03-02,0,0,0,36167819.0,0
2022-03-03,0,0,0,36115320.0,0
2022-03-04,0,0,0,36246459.0,0
2022-03-05,0,0,0,36174183.0,0
2022-03-06,0,0,0,36174183.0,0
2022-03-07,0,0,0,36174183.0,0
2022-03-08,0,0,0,36174183.0,0
2022-03-09,0,0,0,36138045.0,0
2022-03-10,0,0,0,36174183.0,0
2022-03-11,0,0,0,38124097.0,0
2022-03-12,0,0,0,38122877.0,0
2022-03-13,0,0,0,38175697.0,0
2022-03-14,0,0,0,38131381.0,0
2022-03-15,0,0,0,38137560.0,0
2022-03-16,0,0,0,38136034.0,0
2022-03-17,0,0,0,38110520.0,0
2022-03-18,0,0,0,38483948.0,0
2022-03-19,0,0,0,38496306.0,0
2022-03-20,0,0,0,38466431.0,0
2022-03-21,0,0,0,38490993.0,0
2022-03-22,0,0,0,38464891.0,0
2022-03-23,0,0,0,38640188.0,0
2022-03-24,0,0,0,39354590.0,0
2022-03-25,0,0,0,39321138.0,0
2022-03-26,0,0,0,39333417.0,0
2022-03-27,0,0,0,39318816.0,0
2022-03-28,0,0,0,39330308.0,0
2022-03-29,0,0,0,39252268.0,0
2022-03-30,0,0,0,39393944.0,0
2022-03-31,0,0,0,39787490.0,0
2022-04-01,0,0,0,40347330.0,0
2022-04-02,0,0,0,40267116.0,0
2022-04-03,0,0,0,40067265.0,0
2022-04-04,0,0,0,40096823.0,0
2022-04-05,0,0,0,40069952.0,0
2022-04-06,0,0,0,40056195.0,0
2022-04-07,0,0,0,39772039.0,0
2022-04-08,0,0,0,40699310.0,0
2022-04-09,0,0,0,40797172.0,0
2022-04-10,0,0,0,40724092.0,0
2022-04-11,0,0,0,40722704.0,0
2022-04-12,0,0,0,40650032.0,0
2022-04-13,0,0,0,40617085.0,0
2022-04-14,0,0,0,40867598.0,0
2022-04-15,0,0,0,40757080.0,0
2022-04-16,0,0,0,40826772.0,0
2022-04-17,0,0,0,40771084.0,0
2022-04-18,0,0,0,40789088.0,0
2022-04-19,0,0,0,40814401.0,0
2022-04-20,0,0,0,40809869.0,0
2022-04-21,0,0,0,40794886.0,0
2022-04-22,0,0,0,42110283.0,0
2022-04-23,0,0,0,41966763.0,0
2022-04-24,0,0,0,42068257.0,0
2022-04-25,0,0,0,42026231.0,0
2022-04-26,0,0,0,42068257.0,0
2022-04-27,0,0,0,42001141.0,0
2022-04-28,0,0,0,41943103.0,0
2022-04-29,0,0,0,42270532.0,0
2022-04-30,0,0,0,42144957.0,0
2022-05-01,0,0,0,42221749.0,0
2022-05-02,0,0,0,42367706.0,0
2022-05-03,0,0,0,42464599.0,0
2022-05-04,0,0,0,42396469.0,0
2022-05-05,0,0,0,42378270.0,0
2022-05-06,0,0,0,43703552.0,0
2022-05-07,0,0,0,43625584.0,0
2022-05-08,0,0,0,43563219.0,0
2022-05-09,0,0,0,43668938.0,0
2022-05-10,0,0,0,43591933.0,0
2022-05-11,0,0,0,45039706.0,0
2022-05-12,0,0,0,44904992.0,0
2022-05-13,0,0,0,45129516.0,0
2022-05-14,0,0,0,45174421.0,0
2022-05-15,0,0,0,45084611.0,0
2022-05-16,0,0,0,45084611.0,0
2022-05-17,0,0,0,45219326.0,0
2022-05-18,0,0,0,44994801.0,0
2022-05-19,0,0,0,45951651.0,0
2022-05-20,0,0,0,45905791.0,0
2022-05-21,0,0,0,45859932.0,0
2022-05-22,0,0,0,45833195.0,0
2022-05-23,0,0,0,46100973.0,0
2022-05-24,0,0,0,46055010.0,0
2022-05-25,0,0,0,46055010.0,0
2022-05-26,0,0,0,46055010.0,0
2022-05-27,0,0,0,45963084.0,0
2022-05-28,0,0,0,46009047.0,0
2022-05-29,0,0,0,46100973.0,0
2022-05-30,0,0,0,46100973.0,0
2022-05-31,0,0,0,46009047.0,0
2022-06-01,0,0,0,46055010.0,0
2022-06-02,0,0,0,46009047.0,0
2022-06-03,0,0,0,46418100.0,0
2022-06-04,0,0,0,46418100.0,0
2022-06-05,0,0,0,46371729.0,0
2022-06-06,0,0,0,46510844.0,0
2022-06-07,0,0,0,46464472.0,0
2022-06-08,0,0,0,46464472.0,0
2022-06-09,0,0,0,46571260.0,0
2022-06-10,0,0,0,46524782.0,0
2022-06-11,0,0,0,46607274.0,0
2022-06-12,0,0,0,46560760.0,0
2022-06-13,0,0,0,46560760.0,0
2022-06-14,0,0,0,46425822.0,0
2022-06-15,0,0,0,46655887.0,0
2022-06-16,0,0,0,46842324.0,0
2022-06-17,0,0,0,49775870.0,0
2022-06-18,0,0,0,49838859.0,0
2022-06-19,0,0,0,49888648.0,0
2022-06-20,0,0,0,49938437.0,0
2022-06-21,0,0,0,49888648.0,0
2022-06-22,0,0,0,49888648.0,0
2022-06-23,0,0,0,49708112.0,0
2022-06-24,0,0,0,49842714.0,0
2022-06-25,0,0,0,49942300.0,0
2022-06-26,0,0,0,49792922.0,0
2022-06-27,0,0,0,49842714.0,0
2022-06-28,0,0,0,49842714.0,0
2022-06-29,0,0,0,49842714.0,0
2022-06-30,0,0,0,49842714.0,0
2022-07-01,0,0,0,49942300.0,0
2022-07-02,0,0,0,49892507.0,0
2022-07-03,0,0,0,49842714.0,0
2022-07-04,0,0,0,49792922.0,0
2022-07-05,0,0,0,49892507.0,0
2022-07-06,0,0,0,49842714.0,0
2022-07-07,0,0,0,49842714.0,0
2022-07-08,0,0,0,50091521.0,0
2022-07-09,0,0,0,50191604.0,0
2022-07-10,0,0,0,50191604.0,0
2022-07-11,0,0,0,50191604.0,0
2022-07-12,0,0,0,50141563.0,0
2022-07-13,0,0,0,50091521.0,0
2022-07-14,0,0,0,50091521.0,0
2022-07-15,0,0,0,50091521.0,0
2022-07-16,0,0,0,50041480.0,0
2022-07-17,0,0,0,50027869.0,0
2022-07-18,0,0,0,50091521.0,0
2022-07-19,0,0,0,50241646.0,0
2022-07-20,0,0,0,50241646.0,0
2022-07-21,0,0,0,49981280.0,0
2022-07-22,0,0,0,50018411.0,0
2022-07-23,0,0,0,50141563.0,0
2022-07-24,0,0,0,50041480.0,0
2022-07-25,0,0,0,50091521.0,0
2022-07-26,0,0,0,50191604.0,0
2022-07-27,0,0,0,50091521.0,0
2022-07-28,0,0,0,50097590.0,0
2022-07-29,0,0,0,50041668.0,0
2022-07-30,0,0,0,50158873.0,0
2022-07-31,0,0,0,50090224.0,0
2022-08-01,0,0,0,50108764.0,0
2022-08-02,0,0,0,50208982.0,0
2022-08-03,0,0,0,50037159.0,0
2022-08-04,0,0,0,50275832.0,23685309.0
2022-08-05,0,0,0,50225656.0,23661671.0
2022-08-06,0,0,0,51236361.0,23611416.0
2022-08-07,0,0,0,51353227.0,23635882.0
2022-08-08,0,0,0,51271811.0,23626214.0
2022-08-09,0,0,0,51353227.0,23685307.0
2022-08-10,0,0,0,51404529.0,23716646.0
2022-08-11,0,0,0,51404529.0,23798184.0
2022-08-12,0,0,0,51353227.0,23774433.0
2022-08-13,0,0,0,51270528.0,23750682.0
2022-08-14,0,0,0,51404529.0,23774433.0
2022-08-15,0,0,0,51353227.0,23774433.0
2022-08-16,0,0,0,51353227.0,23750682.0
2022-08-17,0,0,0,52585407.0,23774433.0
2022-08-18,0,0,0,52532926.0,23902824.0
2022-08-19,0,0,0,52480446.0,23902824.0
2022-08-20,0,0,0,52532926.0,23926703.0
2022-08-21,0,0,0,52532926.0,23902824.0
2022-08-22,0,0,0,52585407.0,23950582.0
2022-08-23,0,0,0,52440193.0,23902824.0
2022-08-24,0,0,0,52399206.0,23837563.0
2022-08-25,0,0,0,52466854.0,23861490.0
2022-08-26,0,0,0,52585407.0,23950582.0
2022-08-27,0,0,0,52637887.0,23974461.0
2022-08-28,0,0,0,52470842.0,23902824.0
2022-08-29,0,0,0,53120501.0,23902824.0
2022-08-30,0,0,0,53173622.0,23922237.0
2022-08-31,0,0,0,53117473.0,23898339.0
2022-09-01,0,0,0,54340996.0,23860747.0
2022-09-02,0,0,0,54439001.0,23901319.0
2022-09-03,0,0,0,54446950.0,23925220.0
2022-09-04,0,0,0,54446950.0,23925220.0
2022-09-05,0,0,0,54451877.0,23925220.0
2022-09-06,0,0,0,54669685.0,23925220.0
2022-09-07,0,0,0,54451877.0,23900434.0
2022-09-08,0,0,0,54506329.0,23901319.0
2022-09-09,0,0,0,54506329.0,23925220.0
2022-09-10,0,0,0,54506329.0,23925220.0
2022-09-11,0,0,0,54506329.0,23925220.0
2022-09-12,0,0,0,54436739.0,23925220.0
2022-09-13,0,0,0,54451877.0,23925220.0
2022-09-14,0,0,0,54388876.0,23884755.0
2022-09-15,0,0,0,54451877.0,23901319.0
2022-09-16,0,0,0,54745235.0,23869864.0
2022-09-17,0,0,0,54738392.0,23901319.0
2022-09-18,0,0,0,54800035.0,23925220.0
2022-09-19,0,0,0,54687479.0,23901319.0
2022-09-20,0,0,0,54854780.0,23925220.0
2022-09-21,0,0,0,54694869.0,23886141.0
2022-09-22,0,0,0,54800035.0,23925220.0
2022-09-23,0,0,0,55957781.0,23901319.0
2022-09-24,0,0,0,55957781.0,23901319.0
2022-09-25,0,0,0,55888072.0,23901319.0
2022-09-26,0,0,0,56069585.0,23949121.0
2022-09-27,0,0,0,55957781.0,23840824.0
2022-09-28,0,0,0,55957781.0,24282036.0
2022-09-29,0,0,0,56322078.0,24282036.0
2022-09-30,0,0,0,56059167.0,24257802.0
2022-10-01,0,0,0,56209771.0,24305005.0
2022-10-02,0,0,0,56265925.0,24300137.0
2022-10-03,0,0,0,56152326.0,24275084.0
2022-10-04,0,0,0,56153618.0,24300137.0
2022-10-05,0,0,0,56115602.0,24275861.0
2022-10-06,0,0,0,56108189.0,24803268.0
2022-10-07,0,0,0,56572243.0,24642178.0
2022-10-08,0,0,0,56778834.0,24614484.0
2022-10-09,0,0,0,56824336.0,24642178.0
2022-10-10,0,0,0,56855336.0,24574948.0
2022-10-11,0,0,0,56704066.0,24617561.0
2022-10-12,0,0,0,56648246.0,24805068.0
2022-10-13,0,0,0,56648246.0,24795553.0
2022-10-14,0,0,0,57351564.0,25144539.0
2022-10-15,0,0,0,57202823.0,25144539.0
2022-10-16,0,0,0,57228246.0,25119420.0
2022-10-17,0,0,0,57220516.0,25093547.0
2022-10-18,0,0,0,57317056.0,25144539.0
2022-10-19,0,0,0,57241645.0,25119420.0
2022-10-20,0,0,0,57546096.0,24923618.0
2022-10-21,0,0,0,57667713.0,24799620.0
2022-10-22,0,0,0,57725380.0,24795776.0
2022-10-23,0,0,0,57667713.0,24799620.0
2022-10-24,0,0,0,57644819.0,24799620.0
2022-10-25,0,0,0,57725380.0,24824419.0
2022-10-26,0,0,0,57667713.0,24824419.0
2022-10-27,0,0,0,57667713.0,24799620.0
2022-10-28,0,0,0,58122989.0,24824419.0
2022-10-29,0,0,0,58011852.0,24866763.0
2022-10-30,0,0,0,58064924.0,24872857.0
2022-10-31,0,0,0,58056214.0,24872857.0
2022-11-01,0,0,0,58019116.0,24872857.0
2022-11-02,0,0,0,58066001.0,24888501.0
2022-11-03,0,0,0,59050595.0,24875256.0
2022-11-04,0,0,0,59050595.0,24890268.0
2022-11-05,0,0,0,58537563.0,24762712.0
2022-11-06,0,0,0,59001583.0,24860301.0
2022-11-07,0,0,0,59168696.0,24882372.0
2022-11-08,0,0,0,59109645.0,24907254.0
2022-11-09,0,0,0,59050595.0,24857539.0
2022-11-10,0,0,0,59345848.0,24871647.0
2022-11-11,0,0,0,59345848.0,24881849.0
2022-11-12,0,0,0,59227747.0,24882372.0
2022-11-13,0,0,0,59024317.0,24932136.0
2022-11-14,0,0,0,58982805.0,24861769.0
2022-11-15,0,0,0,59050595.0,24932136.0
2022-11-16,0,0,0,59123527.0,24882372.0
2022-11-17,0,0,0,59064463.0,24877122.0
2022-11-18,0,0,0,58999138.0,24853384.0
2022-11-19,0,0,0,59249127.0,24907254.0
2022-11-20,0,0,0,59189996.0,24882372.0
2022-11-21,0,0,0,59189996.0,24855325.0
2022-11-22,0,0,0,59189996.0,24907254.0
2022-11-23,0,0,0,59249127.0,25040037.0
2022-11-24,0,0,0,61486112.0,25015022.0
2022-11-25,0,0,0,61424748.0,25157454.0
2022-11-26,0,0,0,61357801.0,25120635.0
2022-11-27,0,0,0,61424748.0,25132322.0
2022-11-28,0,0,0,61424748.0,25132322.0
2022-11-29,0,0,0,61424748.0,25281228.0
2022-11-30,0,0,0,61731565.0,25347429.0
2022-12-01,0,0,0,61615326.0,25372725.0
2022-12-02,0,0,0,61676757.0,25387258.0
2022-12-03,0,0,0,61408918.0,25336635.0
2022-12-04,0,0,0,61425197.0,25311324.0
2022-12-05,0,0,0,61553895.0,25361946.0
2022-12-06,0,0,0,61492464.0,25336635.0
2022-12-07,0,0,0,61387171.0,25336635.0
2022-12-08,0,0,0,62220947.0,25336635.0
2022-12-09,0,0,0,62114842.0,25311324.0
2022-12-10,0,0,0,62134359.0,25311096.0
2022-12-11,0,0,0,62135665.0,25336635.0
2022-12-12,0,0,0,62158788.0,25485234.0
2022-12-13,0,0,0,62158788.0,25457661.0
2022-12-14,0,0,0,62136659.0,25459392.0
2022-12-15,0,0,0,62154126.0,25452314.0
2022-12-16,0,0,0,62220947.0,25475441.0
2022-12-17,0,0,0,62220947.0,25618860.0
2022-12-18,0,0,0,62158788.0,25495087.0
2022-12-19,0,0,0,62158104.0,25469617.0
2022-12-20,0,0,0,62158788.0,25495087.0
2022-12-21,0,0,0,62196676.0,25520556.0
2022-12-22,0,0,0,62516655.0,25495087.0
2022-12-23,0,0,0,62454263.0,25495087.0
2022-12-24,0,0,0,62391872.0,25575367.0
2022-12-25,0,0,0,62454263.0,25575367.0
2022-12-26,0,0,0,62516655.0,25575367.0
2022-12-27,0,0,0,62546029.0,25575367.0
2022-12-28,0,0,0,62440932.0,25538779.0
2022-12-29,0,0,0,62483546.0,25549817.0
2022-12-30,0,0,0,62572393.0,25618530.0
2022-12-31,0,0,0,62572393.0,25592937.0
2023-01-01,0,0,0,62634965.0,25618530.0
2023-01-02,0,0,0,62566261.0,25587428.0
2023-01-03,0,0,0,62572393.0,25587428.0
2023-01-04,0,0,0,62572393.0,25587428.0
2023-01-05,0,0,0,62634965.0,25613015.0
2023-01-06,0,0,0,62634965.0,25674228.0
2023-01-07,0,0,0,62819892.0,25674228.0
2023-01-08,0,0,0,62882712.0,25699902.0
2023-01-09,0,0,0,62819892.0,25657822.0
2023-01-10,0,0,0,62882712.0,25674228.0
2023-01-11,0,0,0,62747084.0,25661237.0
2023-01-12,0,0,0,63322451.0,25725576.0
2023-01-13,0,0,0,62882712.0,25673175.0
2023-01-14,0,0,0,63704134.0,25751251.0
2023-01-15,0,0,0,63704134.0,25699902.0
2023-01-16,0,0,0,63831288.0,25751251.0
2023-01-17,0,0,0,63576980.0,25629555.0
2023-01-18,0,0,0,63484331.0,25670865.0
2023-01-19,0,0,0,63499764.0,25670248.0
2023-01-20,0,0,0,63499129.0,25699902.0
2023-01-21,0,0,0,64259465.0,25663034.0
2023-01-22,0,0,0,64454953.0,25708499.0
2023-01-23,0,0,0,64390626.0,25682842.0
2023-01-24,0,0,0,64326300.0,25656774.0
2023-01-25,0,0,0,64269050.0,0
2023-01-26,0,0,0,64095369.0,0
2023-01-27,0,0,0,65417973.0,0
2023-01-28,0,0,0,65417973.0,0
2023-01-29,0,0,0,65483391.0,0
2023-01-30,0,0,0,65399133.0,0
2023-01-31,0,0,0,65483391.0,25772525.0
2023-02-01,0,0,0,65846043.0,25783214.0
2023-02-02,0,0,0,65701524.0,25808690.0
2023-02-03,0,0,0,65846043.0,25808690.0
2023-02-04,0,0,0,65846043.0,28123426.0
2023-02-05,0,0,0,65751451.0,28108436.0
2023-02-06,0,0,0,65779276.0,28151549.0
2023-02-07,0,0,0,65846043.0,28151549.0
2023-02-08,0,0,0,65681724.0,28098424.0
2023-02-09,0,0,0,65780263.0,28004125.0
2023-02-10,0,0,0,65780263.0,27560753.0
2023-02-11,0,0,0,66838033.0,27242195.0
2023-02-12,0,0,0,67206808.0,27187820.0
2023-02-13,0,0,0,66901286.0,27143993.0
2023-02-14,0,0,0,67199818.0,27150395.0
2023-02-15,0,0,0,68375908.0,27177545.0
2023-02-16,0,0,0,68512660.0,27149662.0
2023-02-17,0,0,0,69056527.0,26474283.0
2023-02-18,0,0,0,69166152.0,26482759.0
2023-02-19,0,0,0,69134336.0,26437331.0
2023-02-20,0,0,0,69149275.0,26407133.0
2023-02-21,0,0,0,69066276.0,26422899.0
2023-02-22,0,0,0,69158613.0,26574892.0
2023-02-23,0,0,0,69151005.0,26502514.0
2023-02-24,0,0,0,69792620.0,26512610.0
2023-02-25,0,0,0,69822241.0,26509587.0
2023-02-26,0,0,0,69854796.0,26506245.0
2023-02-27,0,0,0,69930245.0,26546396.0
2023-02-28,0,0,0,69930245.0,26519876.0
2023-03-01,0,0,0,70209686.0,26574983.0
2023-03-02,0,0,0,69860385.0,26527084.0
2023-03-03,0,0,0,70118220.0,26650908.0
2023-03-04,0,0,0,70024916.0,26644199.0
2023-03-05,0,0,0,70118220.0,26644199.0
2023-03-06,0,0,0,70048172.0,26605364.0
2023-03-07,0,0,0,70048172.0,26644199.0
2023-03-08,0,0,0,70188268.0,26670817.0
2023-03-09,0,0,0,70048172.0,26607512.0
2023-03-10,0,0,0,70188268.0,26615870.0
2023-03-11,0,0,0,70822208.0,26642485.0
2023-03-12,0,0,0,68658558.0,26652043.0
2023-03-13,0,0,0,70799444.0,26731839.0
2023-03-14,0,0,0,71265627.0,26729329.0
2023-03-15,0,0,0,71572181.0,26693053.0
2023-03-16,0,0,0,71643539.0,26797033.0
2023-03-17,0,0,0,71886572.0,26770422.0
2023-03-18,0,0,0,71886572.0,26718001.0
2023-03-19,0,0,0,71958172.0,26799720.0
2023-03-20,0,0,0,71886572.0,26719880.0
2023-03-21,0,0,0,71958172.0,27052712.0
2023-03-22,0,0,0,71814972.0,26971720.0
2023-03-23,0,0,0,71958172.0,26995064.0
2023-03-24,0,0,0,71814972.0,26995786.0
2023-03-25,0,0,0,71958172.0,27058734.0
2023-03-26,0,0,0,72029772.0,27112529.0
2023-03-27,0,0,0,71671771.0,26924247.0
2023-03-28,0,0,0,71568166.0,27011212.0
2023-03-29,0,0,0,71671771.0,27059718.0
2023-03-30,0,0,0,71671771.0,27152187.0
2023-03-31,0,0,0,71814972.0,27184939.0
2023-04-01,0,0,0,72025175.0,27157346.0
2023-04-02,0,0,0,72097200.0,27171564.0
2023-04-03,0,0,0,72097200.0,27171564.0
2023-04-04,0,0,0,72097200.0,27185874.0
2023-04-05,0,0,0,71955311.0,27158715.0
2023-04-06,0,0,0,72169225.0,27082479.0
2023-04-07,0,0,0,72097200.0,27066329.0
2023-04-08,0,0,0,72812174.0,27178565.0
2023-04-09,0,0,0,72739435.0,27177556.0
2023-04-10,0,0,0,72884914.0,27177556.0
2023-04-11,0,0,0,72577808.0,27177556.0
2023-04-12,0,0,0,72718268.0,27450229.0
2023-04-13,0,0,0,73803456.0,27498184.0
2023-04-14,0,0,0,73996127.0,27580596.0
2023-04-15,0,0,0,73922278.0,27688529.0
2023-04-16,0,0,0,73848430.0,27647627.0
2023-04-17,0,0,0,73834546.0,27620007.0
2023-04-18,0,0,0,73993049.0,27647825.0
2023-04-19,0,0,0,73891410.0,27681371.0
2023-04-20,0,0,0,73854303.0,27754139.0
2023-04-21,0,0,0,74935446.0,27724613.0
2023-04-22,0,0,0,74959584.0,27752337.0
2023-04-23,0,0,0,74961308.0,27750944.0
2023-04-24,0,0,0,74634702.0,27778668.0
2023-04-25,0,0,0,75224643.0,27750169.0
2023-04-26,0,0,0,75240379.0,27605642.0
2023-04-27,0,0,0,75241283.0,27550365.0
2023-04-28,0,0,0,75565998.0,27573134.0
2023-04-29,0,0,0,75543299.0,27240187.0
2023-04-30,0,0,0,75652783.0,27392642.0
2023-05-01,0,0,0,75615330.0,27392642.0
2023-05-02,0,0,0,75662771.0,26495761.0
2023-05-03,0,0,0,75556464.0,26552615.0
2023-05-04,0,0,0,75738433.0,26551569.0
2023-05-05,0,0,0,75662771.0,26519606.0
2023-05-06,0,0,0,76423935.0,26550930.0
2023-05-07,0,0,0,76423935.0,26550930.0
2023-05-08,0,0,0,76218994.0,26550930.0
2023-05-09,0,0,0,76212206.0,26548478.0
2023-05-10,0,0,0,76271393.0,26548478.0
2023-05-11,0,0,0,76048985.0,26575000.0
2023-05-12,0,0,0,76347664.0,26548478.0
2023-05-13,0,0,0,77536572.0,26631911.0
2023-05-14,0,0,0,77536572.0,26605332.0
2023-05-15,0,0,0,77451986.0,26578753.0
2023-05-16,0,0,0,77459113.0,26621704.0
2023-05-17,0,0,0,77481243.0,26698472.0
2023-05-18,0,0,0,77408410.0,26702799.0
2023-05-19,0,0,0,79135818.0,26705849.0
2023-05-20,0,0,0,79132810.0,26719488.0
2023-05-21,0,0,0,79214953.0,26796726.0
2023-05-22,0,0,0,79294089.0,26743292.0
2023-05-23,0,0,0,79017370.0,26421353.0
2023-05-24,0,0,0,79164016.0,26446983.0
2023-05-25,0,0,0,79058879.0,26392906.0
2023-05-26,0,0,0,79555370.0,26389490.0
2023-05-27,0,0,0,79597945.0,26397419.0
2023-05-28,0,0,0,79839453.0,26470041.0
2023-05-29,0,0,0,79588393.0,26503819.0
2023-05-30,0,0,0,79540075.0,26488866.0
2023-05-31,0,0,0,79588075.0,26552201.0
2023-06-01,0,0,0,79427838.0,26308005.0
2023-06-02,0,0,0,79591577.0,26338853.0
2023-06-03,0,0,0,79536175.0,26392855.0
2023-06-04,0,0,0,79589109.0,26380650.0
2023-06-05,0,0,0,79680252.0,26380650.0
2023-06-06,0,0,0,79680252.0,26392341.0
2023-06-07,0,0,0,79677604.0,26392341.0
2023-06-08,0,0,0,79596573.0,26365975.0
2023-06-09,0,0,0,79857194.0,26365975.0
2023-06-10,0,0,0,79798578.0,26358866.0
2023-06-11,0,0,0,79837389.0,26365220.0
2023-06-12,0,0,0,79673682.0,26323668.0
2023-06-13,0,0,0,79707861.0,26344971.0
2023-06-14,0,0,0,79792350.0,26363401.0
2023-06-15,0,0,0,79896653.0,26305109.0
2023-06-16,0,0,0,79843042.0,26281251.0
2023-06-17,0,0,0,80209084.0,26275227.0
2023-06-18,0,0,0,80221197.0,26297797.0
2023-06-19,0,0,0,80303667.0,26331467.0
2023-06-20,0,0,0,80223444.0,26302374.0
2023-06-21,0,0,0,80223444.0,26293008.0
2023-06-22,0,0,0,80218309.0,26300820.0
2023-06-23,0,0,0,80214378.0,26327121.0
2023-06-24,0,0,0,80869666.0,26327121.0
2023-06-25,0,0,0,80788878.0,26324538.0
2023-06-26,0,0,0,80788878.0,26298240.0
2023-06-27,0,0,0,80878449.0,26298240.0
2023-06-28,0,0,0,80758635.0,26280656.0
2023-06-29,0,0,0,80772378.0,26296013.0
2023-06-30,0,0,0,81416987.0,26290543.0
2023-07-01,0,0,0,81390442.0,26294909.0
2023-07-02,0,0,0,81426107.0,26358208.0
2023-07-03,0,0,0,81426107.0,26358208.0
2023-07-04,0,0,0,81507533.0,26384566.0
2023-07-05,0,0,0,81356569.0,26355546.0
2023-07-06,0,0,0,81401679.0,26329974.0
2023-07-07,0,0,0,81420325.0,26258067.0
2023-07-08,0,0,0,81428753.0,26328815.0
2023-07-09,0,0,0,81427450.0,26320513.0
2023-07-10,0,0,0,81673039.0,26399474.0
2023-07-11,0,0,0,81420121.0,26319618.0
2023-07-12,0,0,0,81493021.0,26346833.0
2023-07-13,0,0,0,81734333.0,26317229.0
2023-07-14,0,0,0,81839005.0,26303109.0
2023-07-15,0,0,0,81995207.0,26324654.0
2023-07-16,0,0,0,82024244.0,26384084.0
2023-07-17,0,0,0,81958624.0,26389256.0
2023-07-18,0,0,0,82024244.0,26364752.0
2023-07-19,0,0,0,82304768.0,26360375.0
2023-07-20,0,0,0,82179790.0,26359936.0
2023-07-21,0,0,0,82209308.0,26367021.0
2023-07-22,0,0,0,82256558.0,26393388.0
2023-07-23,0,0,0,82216319.0,26388993.0
2023-07-24,0,0,0,82228086.0,26359071.0
2023-07-25,0,0,0,82280174.0,26359229.0
2023-07-26,0,0,0,82287910.0,26388993.0
2023-07-27,0,0,0,82353287.0,26354537.0
2023-07-28,0,0,0,82344228.0,25924400.0
2023-07-29,0,0,0,82353287.0,26020204.0
2023-07-30,0,0,0,82353287.0,26021375.0
2023-07-31,0,0,0,82419210.0,26015989.0
2023-08-01,0,0,0,82419210.0,26031498.0
2023-08-02,0,0,0,82580455.0,26086842.0
2023-08-03,0,0,0,82628068.0,26079561.0
2023-08-04,0,0,0,82743214.0,26081666.0
2023-08-05,0,0,0,82926213.0,26052383.0
2023-08-06,0,0,0,82894950.0,26075663.0
2023-08-07,0,0,0,82921569.0,26054002.0
2023-08-08,0,0,0,83009139.0,26064389.0
2023-08-09,0,0,0,82889974.0,26082130.0
2023-08-10,0,0,0,82825126.0,22758504.0
2023-08-11,0,0,0,82926213.0,24135005.0
2023-08-12,0,0,0,82916262.0,24136213.0
2023-08-13,0,0,0,82908135.0,24129731.0
2023-08-14,0,0,0,82926213.0,24136664.0
2023-08-15,0,0,0,82926213.0,24129164.0
2023-08-16,0,0,0,82926213.0,24090114.0
2023-08-17,0,0,0,82954783.0,24024788.0
2023-08-18,0,0,0,82931190.0,24081084.0
2023-08-19,0,0,0,83155736.0,24118781.0
2023-08-20,0,0,0,83072663.0,24117310.0
2023-08-21,0,0,0,83072663.0,24114461.0
2023-08-22,0,0,0,83072663.0,24030985.0
2023-08-23,0,0,0,83387307.0,24021748.0
2023-08-24,0,0,0,83444490.0,24030977.0
2023-08-25,0,0,0,83436396.0,24028550.0
2023-08-26,0,0,0,83903053.0,24021267.0
2023-08-27,0,0,0,83903388.0,24018359.0
2023-08-28,0,0,0,83896089.0,24018480.0
2023-08-29,0,0,0,83903388.0,24019922.0
2023-08-30,0,0,0,84071195.0,24029847.0
2023-08-31,0,0,0,84123111.0,24249942.0
2023-09-01,0,0,0,83970580.0,24224526.0
2023-09-02,0,0,0,84790912.0,24269114.0
2023-09-03,0,0,0,84835628.0,24277782.0
2023-09-04,0,0,0,84803555.0,24272708.0
2023-09-05,0,0,0,84849458.0,24248915.0
2023-09-06,0,0,0,84849374.0,25180820.0
2023-09-07,0,0,0,84849458.0,25190926.0
2023-09-08,0,0,0,84849458.0,25182130.0
2023-09-09,0,0,0,84824937.0,25188179.0
2023-09-10,0,0,0,84848525.0,25194378.0
2023-09-11,0,0,0,84934308.0,25226384.0
2023-09-12,0,0,0,84918679.0,25186686.0
2023-09-13,0,0,0,85003598.0,25199689.0
2023-09-14,0,0,0,84918679.0,25199617.0
2023-09-15,0,0,0,84871040.0,25211205.0
2023-09-16,0,0,0,85201334.0,25467301.0
2023-09-17,0,0,0,85186594.0,25469008.0
2023-09-18,0,0,0,85153366.0,25449316.0
2023-09-19,0,0,0,85194688.0,25499857.0
2023-09-20,0,0,0,85195115.0,25474383.0
2023-09-21,0,0,0,85510486.0,25474383.0
2023-09-22,0,0,0,85852575.0,25473135.0
2023-09-23,0,0,0,85844248.0,25474128.0
2023-09-24,0,0,0,85833602.0,25474383.0
2023-09-25,0,0,0,85938428.0,25474383.0
2023-09-26,0,0,0,85824330.0,25469339.0
2023-09-27,0,0,0,85812310.0,25470027.0
2023-09-28,0,0,0,85820037.0,27677196.0
2023-09-29,0,0,0,86408827.0,27708136.0
2023-09-30,0,0,0,86600804.0,27724383.0
2023-10-01,0,0,0,86558023.0,27770256.0
2023-10-02,0,0,0,86600804.0,27785217.0
2023-10-03,0,0,0,86675618.0,27791275.0
2023-10-04,0,0,0,87077698.0,28731578.0
2023-10-05,0,0,0,87037381.0,28702875.0
2023-10-06,0,0,0,87484018.0,28702875.0
2023-10-07,0,0,0,88109945.0,28702875.0
2023-10-08,0,0,0,88145294.0,28728518.0
2023-10-09,0,0,0,88147057.0,28728518.0
2023-10-10,0,0,0,88121140.0,28699818.0
2023-10-11,0,0,0,88434977.0,28699818.0
2023-10-12,0,0,0,88369269.0,28926868.0
2023-10-13,0,0,0,88782323.0,28926521.0
2023-10-14,0,0,0,88766164.0,28917235.0
2023-10-15,0,0,0,88775842.0,28934663.0
2023-10-16,0,0,0,88871105.0,28973094.0
2023-10-17,0,0,0,88942463.0,29002068.0
2023-10-18,0,0,0,88942730.0,29148144.0
2023-10-19,0,0,0,88985443.0,29148144.0
2023-10-20,0,0,0,89186427.0,29184579.0
2023-10-21,0,0,0,89149589.0,29155423.0
2023-10-22,0,0,0,89195971.0,29155423.0
2023-10-23,0,0,0,89285167.0,29155423.0
2023-10-24,0,0,0,89463559.0,29242890.0
2023-10-25,0,0,0,89078232.0,29148543.0
2023-10-26,0,0,0,89562886.0,29155423.0
2023-10-27,0,0,0,90168430.0,29138630.0
2023-10-28,0,0,0,90192511.0,29155423.0
2023-10-29,0,0,0,90174202.0,29135131.0
2023-10-30,0,0,0,90372896.0,29155423.0
2023-10-31,0,0,0,90192511.0,29324523.0
2023-11-01,0,0,0,90202959.0,29184579.0
2023-11-02,0,0,0,90189519.0,29353848.0
2023-11-03,0,0,0,90101390.0,29321943.0
2023-11-04,0,0,0,90202959.0,29353848.0
2023-11-05,0,0,0,90199712.0,29353848.0
2023-11-06,0,0,0,90293162.0,29353848.0
2023-11-07,0,0,0,90202959.0,29324523.0
2023-11-08,0,0,0,90297486.0,29324523.0
2023-11-09,0,0,0,90435483.0,29282736.0
2023-11-10,0,0,0,90817875.0,29318307.0
2023-11-11,0,0,0,90874852.0,29324523.0
2023-11-12,0,0,0,90974916.0,29353848.0
2023-11-13,0,0,0,90861129.0,29353848.0
2023-11-14,0,0,0,90884032.0,29313606.0
2023-11-15,0,0,0,90823161.0,29257116.0
2023-11-16,0,0,0,91280316.0,29259632.0
2023-11-17,0,0,0,91394215.0,29225779.0
2023-11-18,0,0,0,92193664.0,29318152.0
2023-11-19,0,0,0,92009645.0,29259632.0
2023-11-20,0,0,0,91931896.0,29259632.0
2023-11-21,0,0,0,91972657.0,29288892.0
2023-11-22,0,0,0,91930065.0,29139551.0
2023-11-23,0,0,0,92159947.0,29258462.0
2023-11-24,0,0,0,92159947.0,29258111.0
2023-11-25,0,0,0,92385190.0,29259632.0
2023-11-26,0,0,0,92385190.0,29259632.0
2023-11-27,0,0,0,92385190.0,29259632.0
2023-11-28,0,0,0,92457696.0,29247129.0
2023-11-29,0,0,0,92457696.0,29276376.0
2023-11-30,0,0,0,93125552.0,29276376.0
2023-12-01,0,0,0,93032520.0,29247129.0
2023-12-02,0,0,0,92964327.0,29247129.0
2023-12-03,0,0,0,93013913.0,29240343.0
2023-12-04,0,0,0,93125552.0,29276376.0
2023-12-05,0,0,0,92987399.0,29227621.0
2023-12-06,0,0,0,93016053.0,29240460.0
2023-12-07,0,0,0,93125552.0,29247129.0
2023-12-08,0,0,0,93374155.0,29247129.0
2023-12-09,0,0,0,93842026.0,29246485.0
2023-12-10,0,0,0,93935868.0,29247129.0
2023-12-11,0,0,0,93935868.0,29247129.0
2023-12-12,0,0,0,93842026.0,30095529.0
2023-12-13,0,0,0,93804771.0,30079307.0
2023-12-14,0,0,0,93740020.0,30092278.0
2023-12-15,0,0,0,93841174.0,30095529.0
2023-12-16,0,0,0,93917341.0,30062988.0
2023-12-17,0,0,0,94011258.0,30091253.0
2023-12-18,0,0,0,94199093.0,30103295.0
2023-12-19,0,0,0,93917341.0,30078309.0
2023-12-20,0,0,0,93895270.0,29809577.0
2023-12-21,0,0,0,94394854.0,29839386.0
2023-12-22,0,0,0,94183266.0,29809577.0
2023-12-23,0,0,0,94206441.0,30498845.0
2023-12-24,0,0,0,94111669.0,30468377.0
2023-12-25,0,0,0,94202231.0,30457804.0
2023-12-26,0,0,0,94288222.0,30450735.0
2023-12-27,0,0,0,94288222.0,30455945.0
2023-12-28,0,0,0,94476798.0,30407196.0
2023-12-29,0,0,0,94257672.0,30498845.0
2023-12-30,0,0,0,94253995.0,30455976.0
2023-12-31,0,0,0,94186108.0,30466427.0
2024-01-01,0,0,0,94382510.0,30468377.0
2024-01-02,0,0,0,94476798.0,30456585.0
2024-01-03,0,0,0,94288222.0,30657252.0
2024-01-04,0,0,0,94288222.0,30596060.0
2024-01-05,0,0,0,94782726.0,30596060.0
2024-01-06,0,0,0,94919847.0,30545881.0
2024-01-07,0,0,0,94959160.0,30421010.0
2024-01-08,0,0,0,94867620.0,30491731.0
2024-01-09,0,0,0,94956976.0,30474988.0
2024-01-10,0,0,0,94962982.0,30474988.0
2024-01-11,0,0,0,95067357.0,30432092.0
2024-01-12,0,0,0,95959658.0,30505433.0
2024-01-13,0,0,0,96062919.0,30444544.0
2024-01-14,0,0,0,95966952.0,30444544.0
2024-01-15,0,0,0,96062919.0,30430948.0
2024-01-16,0,0,0,95958315.0,30278789.0
2024-01-17,0,0,0,96040218.0,30291489.0
2024-01-18,0,0,0,96013421.0,30264190.0
2024-01-19,0,0,0,96902377.0,30322881.0
2024-01-20,0,0,0,97032375.0,30323123.0
2024-01-21,0,0,0,96969401.0,30398305.0
2024-01-22,0,0,0,97032375.0,30392583.0
2024-01-23,0,0,0,97066243.0,30425270.0
2024-01-24,0,0,0,97171826.0,30434340.0
2024-01-25,0,0,0,97063684.0,30399705.0
2024-01-26,0,0,0,97793838.0,30415227.0
2024-01-27,0,0,0,97784350.0,30423627.0
2024-01-28,0,0,0,97786796.0,30434735.0
2024-01-29,0,0,0,97912586.0,30433000.0
2024-01-30,0,0,0,97994732.0,30807485.0
2024-01-31,0,0,0,97994732.0,30838293.0
2024-02-01,0,0,0,97836628.0,30779296.0
2024-02-02,0,0,0,97753808.0,30777017.0
2024-02-03,0,0,0,98253183.0,30838293.0
2024-02-04,0,0,0,98207004.0,30775230.0
2024-02-05,0,0,0,98215552.0,30807485.0
2024-02-06,0,0,0,98231764.0,30763369.0
2024-02-07,0,0,0,98250235.0,30838293.0
2024-02-08,0,0,0,98351436.0,30838293.0
2024-02-09,0,0,0,98766811.0,31955244.0
2024-02-10,0,0,0,98611055.0,31959335.0
2024-02-11,0,0,0,98766811.0,31991295.0
2024-02-12,0,0,0,98865577.0,32087173.0
2024-02-13,0,0,0,98738168.0,32023254.0
2024-02-14,0,0,0,98865577.0,31991295.0
2024-02-15,0,0,0,98698365.0,31959335.0
2024-02-16,0,0,0,98715254.0,32573715.0
2024-02-17,0,0,0,98564931.0,32534667.0
2024-02-18,0,0,0,98707063.0,32502816.0
2024-02-19,0,0,0,98981344.0,32534667.0
2024-02-20,0,0,0,99279579.0,32567202.0
2024-02-21,0,0,0,99081613.0,32534667.0
2024-02-22,0,0,0,99081613.0,32511177.0
2024-02-23,0,0,0,99081613.0,32534667.0
2024-02-24,0,0,0,99405857.0,32567202.0
2024-02-25,0,0,0,99485589.0,32523182.0
2024-02-26,0,0,0,99631303.0,32534017.0
2024-02-27,0,0,0,99730835.0,32399327.0
2024-02-28,0,0,0,99478821.0,32430194.0
2024-02-29,0,0,0,99193961.0,32327580.0
2024-03-01,0,0,0,99296777.0,32806204.0
2024-03-02,0,0,0,99529394.0,32839010.0
2024-03-03,0,0,0,100372402.0,32839010.0
2024-03-04,0,0,0,100072186.0,32904623.0
2024-03-05,0,0,0,100028354.0,32780386.0
2024-03-06,0,0,0,99057954.0,32871816.0
2024-03-07,0,0,0,100072186.0,32839010.0
2024-03-08,0,0,0,99527693.0,71783469.0
2024-03-09,0,0,0,100303247.0,33544236.0
2024-03-10,0,0,0,101271479.0,33506550.0
2024-03-11,0,0,0,100326043.0,33506550.0
2024-03-12,0,0,0,101069743.0,75357050.0
2024-03-13,0,0,0,101175657.0,75360318.0
2024-03-14,0,0,0,100368976.0,57853828.0
2024-03-15,0,0,0,101268497.0,57829909.0
2024-03-16,0,0,0,100847439.0,30966940.0
2024-03-17,0,0,0,100828015.0,30967181.0
2024-03-18,0,0,0,101130910.0,31624440.0
2024-03-19,0,0,0,101074627.0,63378995.0
2024-03-20,0,0,0,100857161.0,63524535.0
2024-03-21,0,0,0,100748833.0,63343368.0
2024-03-22,0,0,0,100737798.0,63784191.0
2024-03-23,0,0,0,101211707.0,31899417.0
2024-03-24,0,0,0,100620763.0,31931317.0
2024-03-25,0,0,0,101068963.0,31889720.0
2024-03-26,0,0,0,101507066.0,54737716.0
2024-03-27,0,0,0,101001836.0,105240669.0
2024-03-28,0,0,0,102163206.0,115276118.0
2024-03-29,0,0,0,102227059.0,31899417.0
2024-03-30,0,0,0,102227059.0,31999417.0
2024-03-31,0,0,0,102023013.0,31999417.0
2024-04-01,0,0,0,102227059.0,32031417.0
2024-04-02,0,0,0,102227059.0,118522462.0
2024-04-03,0,0,0,102227059.0,117722226.0
2024-04-04,0,0,0,101817233.0,117672598.0
2024-04-05,0,0,0,102869340.0,117685309.0
2024-04-06,0,0,0,103074463.0,31192516.0
2024-04-07,0,0,0,102664216.0,31280269.0
2024-04-08,0,0,0,102375403.0,31214836.0
2024-04-09,0,0,0,102561655.0,117793079.0
2024-04-10,0,0,0,102412735.0,116187185.0
2024-04-11,0,0,0,102260534.0,116206298.0
2024-04-12,0,0,0,102540630.0,116508626.0
2024-04-13,0,0,0,102664216.0,29890495.0
2024-04-14,0,0,0,102766778.0,29924489.0
2024-04-15,0,0,0,103279586.0,29894595.0
2024-04-16,0,0,0,102766778.0,129266679.0
2024-04-17,0,0,0,102766778.0,129284281.0
2024-04-18,0,0,0,102664216.0,129681507.0
2024-04-19,0,0,0,103041939.0,129695526.0
2024-04-20,0,0,0,102814496.0,30209430.0
2024-04-21,0,0,0,102884586.0,30210095.0
2024-04-22,0,0,0,103229576.0,30205624.0
2024-04-23,0,0,0,103126655.0,132069222.0
2024-04-24,0,0,0,102497192.0,123933008.0
2024-04-25,0,0,0,103126655.0,124155178.0
2024-04-26,0,0,0,103023734.0,126169864.0
2024-04-27,0,0,0,102675039.0,30443671.0
2024-04-28,0,0,0,102839506.0,30423152.0
2024-04-29,0,0,0,102920814.0,30431554.0
2024-04-30,0,0,0,102891070.0,126476091.0
2024-05-01,0,0,0,103126655.0,126906378.0
2024-05-02,0,0,0,102670407.0,126908601.0
2024-05-03,0,0,0,102074805.0,116804945.0
2024-05-04,0,0,0,103275802.0,30932296.0
2024-05-05,0,0,0,103813689.0,30932296.0
2024-05-06,0,0,0,103398331.0,30901395.0
2024-05-07,0,0,0,103710289.0,116861859.0
2024-05-08,0,0,0,104123890.0,115445277.0
2024-05-09,0,0,0,103503489.0,115415367.0
2024-05-10,0,0,0,104000975.0,115945013.0
2024-05-11,0,0,0,104104872.0,29931692.0
2024-05-12,0,0,0,102982991.0,29946635.0
2024-05-13,0,0,0,103825597.0,29936273.0
2024-05-14,0,0,0,104000975.0,132977237.0
2024-05-15,0,0,0,104312666.0,134213521.0
2024-05-16,0,0,0,104208769.0,137602280.0
2024-05-17,0,0,0,104837185.0,130030858.0
2024-05-18,0,0,0,104472506.0,30275285.0
2024-05-19,0,0,0,104530737.0,30275285.0
2024-05-20,0,0,0,104732452.0,30274952.0
2024-05-21,0,0,0,104672755.0,145812209.0
2024-05-22,0,0,0,105151382.0,145416297.0
2024-05-23,0,0,0,105046649.0,144461936.0
2024-05-24,0,0,0,104522359.0,141407778.0
2024-05-25,0,0,0,105500127.0,30159170.0
2024-05-26,0,0,0,105142523.0,30148976.0
2024-05-27,0,0,0,105243807.0,30159170.0
2024-05-28,0,0,0,105500127.0,30147167.0
2024-05-29,0,0,0,105008671.0,141809275.0
2024-05-30,0,0,0,105137991.0,141807605.0
2024-05-31,0,0,0,105605522.0,141857301.0
2024-06-01,0,0,0,106757612.0,30435319.0
2024-06-02,0,0,0,106256566.0,30450769.0
2024-06-03,0,0,0,106350739.0,30466219.0
2024-06-04,0,0,0,107077565.0,144267047.0
2024-06-05,0,0,0,106530710.0,163786007.0
2024-06-06,0,0,0,106483644.0,164722619.0
2024-06-07,0,0,0,106710540.0,164742797.0
2024-06-08,0,0,0,107041444.0,31008556.0
2024-06-09,0,0,0,107723479.0,31004772.0
2024-06-10,0,0,0,107723479.0,31009176.0
2024-06-11,0,0,0,106869961.0,164813396.0
2024-06-12,0,0,0,107355093.0,164714186.0
2024-06-13,0,0,0,107171759.0,165104350.0
2024-06-14,0,0,0,107398805.0,165123716.0
2024-06-15,0,0,0,107385161.0,31243484.0
2024-06-16,0,0,0,107777510.0,31253959.0
2024-06-17,0,0,0,107453962.0,31247893.0
2024-06-18,0,0,0,107777510.0,160075726.0
2024-06-19,0,0,0,107885180.0,31121143.0
2024-06-20,0,0,0,107621712.0,31140731.0
2024-06-21,0,0,0,107992850.0,160009323.0
2024-06-22,0,0,0,107871176.0,31118963.0
2024-06-23,0,0,0,107763413.0,31141665.0
2024-06-24,0,0,0,107618579.0,31123260.0
2024-06-25,0,0,0,108086703.0,160104601.0
2024-06-26,0,0,0,108204067.0,152769526.0
2024-06-27,0,0,0,107701090.0,152765445.0
2024-06-28,0,0,0,107415384.0,152759292.0
2024-06-29,0,0,0,108431287.0,31227822.0
2024-06-30,0,0,0,108426077.0,31242999.0
2024-07-01,0,0,0,108552975.0,31253262.0
2024-07-02,0,0,0,108661528.0,133829107.0
2024-07-03,0,0,0,108325665.0,133506030.0
2024-07-04,0,0,0,108661528.0,30970973.0
2024-07-05,0,0,0,108981654.0,30973978.0
2024-07-06,0,0,0,109164430.0,30984947.0
2024-07-07,0,0,0,108932142.0,30983862.0
2024-07-08,0,0,0,109600652.0,31015932.0
2024-07-09,0,0,0,109382541.0,133673400.0
2024-07-10,0,0,0,108632458.0,133531728.0
2024-07-11,0,0,0,109382541.0,126483895.0
2024-07-12,0,0,0,108243022.0,118745017.0
2024-07-13,0,0,0,109286552.0,33331779.0
2024-07-14,0,0,0,109287099.0,33331779.0
2024-07-15,0,0,0,109037933.0,33431775.0
2024-07-16,0,0,0,109085753.0,118761851.0
2024-07-17,0,0,0,109202184.0,114861885.0
2024-07-18,0,0,0,109626029.0,114892534.0
2024-07-19,0,0,0,109735546.0,114905280.0
2024-07-20,0,0,0,109624868.0,33473260.0
2024-07-21,0,0,0,110381273.0,33439821.0
2024-07-22,0,0,0,109968327.0,33439821.0
2024-07-23,0,0,0,109915601.0,114952995.0
2024-07-24,0,0,0,110513125.0,114964946.0
2024-07-25,0,0,0,111513630.0,115899946.0
2024-07-26,0,0,0,112533907.0,115898158.0
2024-07-27,0,0,0,111530136.0,34362355.0
2024-07-28,0,0,0,111436897.0,34397233.0
2024-07-29,0,0,0,111864727.0,34360740.0
2024-07-30,0,0,0,111005721.0,123214897.0
2024-07-31,0,0,0,111304622.0,122868607.0
2024-08-01,0,0,0,111249749.0,122903713.0
2024-08-02,0,0,0,111962490.0,131719336.0
2024-08-03,0,0,0,112298042.0,131921155.0
2024-08-04,0,0,0,112409892.0,131726004.0
2024-08-05,0,0,0,112745444.0,131726870.0
2024-08-06,0,0,0,112298042.0,113090238.0
2024-08-07,0,0,0,111850639.0,115683178.0
2024-08-08,0,0,0,110764458.0,124423526.0
2024-08-09,0,0,0,113478360.0,124738008.0
2024-08-10,0,0,0,113478360.0,129393737.0
2024-08-11,0,0,0,113591386.0,129349553.0
2024-08-12,0,0,0,112646148.0,129156815.0
2024-08-13,0,0,0,113365334.0,139675675.0
2024-08-14,0,0,0,113139281.0,139511009.0
2024-08-15,0,0,0,112699682.0,143151544.0
2024-08-16,0,0,0,111853669.0,143248856.0
2024-08-17,0,0,0,112560546.0,143734764.0
2024-08-18,0,0,0,112867777.0,143553569.0
2024-08-19,0,0,0,113344797.0,143610138.0
2024-08-20,0,0,0,113118560.0,143572520.0
2024-08-21,0,0,0,112904314.0,143891680.0
2024-08-22,0,0,0,112687013.0,145309325.0
2024-08-23,0,0,0,114261398.0,148276242.0
2024-08-24,0,0,0,113646601.0,148389830.0
2024-08-25,0,0,0,114075680.0,148295034.0
2024-08-26,0,0,0,114832134.0,148248324.0
2024-08-27,0,0,0,113634273.0,148396477.0
2024-08-28,0,0,0,114026254.0,144897979.0
2024-08-29,0,0,0,114261398.0,145047934.0
2024-08-30,0,0,0,114940962.0,145729375.0
2024-08-31,0,0,0,115427967.0,146019362.0
2024-09-01,0,0,0,115312999.0,146906759.0
2024-09-02,0,0,0,115312999.0,146824538.0
2024-09-03,0,0,0,115198031.0,146906374.0
2024-09-04,0,0,0,113576636.0,147377988.0
2024-09-05,0,0,0,115312999.0,149432214.0
2024-09-06,0,0,0,115312999.0,149099891.0
2024-09-07,0,0,0,114036021.0,149823730.0
2024-09-08,0,0,0,115319410.0,149797205.0
2024-09-09,0,0,0,115282788.0,149950764.0
2024-09-10,0,0,0,118551879.0,134136730.0
2024-09-11,0,0,0,115609283.0,134208773.0
2024-09-12,0,0,0,115840271.0,134272434.0
2024-09-13,0,0,0,114982960.0,134441311.0
2024-09-14,0,0,0,116201344.0,135392193.0
2024-09-15,0,0,0,115431755.0,135392193.0
2024-09-16,0,0,0,115623227.0,135230962.0
2024-09-17,0,0,0,115738851.0,135373596.0
2024-09-18,0,0,0,115738851.0,136384545.0
2024-09-19,0,0,0,115074480.0,137333235.0
2024-09-20,0,0,0,115854474.0,137454511.0
2024-09-21,0,0,0,116041272.0,137554545.0
2024-09-22,0,0,0,116403494.0,137617217.0
2024-09-23,0,0,0,116403494.0,137529230.0
2024-09-24,0,0,0,115813460.0,137586429.0
2024-09-25,0,0,0,115717038.0,139510122.0
2024-09-26,0,0,0,115569385.0,139490250.0
2024-09-27,0,0,0,116164530.0,139677807.0
2024-09-28,0,0,0,116467362.0,140173830.0
2024-09-29,0,0,0,116288187.0,140174465.0
2024-09-30,0,0,0,116268964.0,140160504.0
2024-10-01,0,0,0,116498816.0,142510371.0
2024-10-02,0,0,0,116964812.0,142489893.0
2024-10-03,0,0,0,116964812.0,142922737.0
2024-10-04,0,0,0,117163293.0,143013540.0
2024-10-05,0,0,0,117448088.0,143347502.0
2024-10-06,0,0,0,117314447.0,143444619.0
2024-10-07,0,0,0,117321852.0,143558163.0
2024-10-08,0,0,0,117538122.0,142731103.0
2024-10-09,0,0,0,117655661.0,148070667.0
2024-10-10,0,0,0,117410359.0,149060923.0
2024-10-11,0,0,0,118125813.0,149440615.0
2024-10-12,0,0,0,118406335.0,147945095.0
2024-10-13,0,0,0,118321878.0,148332802.0
2024-10-14,0,0,0,118690149.0,148273522.0
2024-10-15,0,0,0,118414627.0,149499150.0
2024-10-16,0,0,0,118050383.0,149890174.0
2024-10-17,0,0,0,118150002.0,154710229.0
2024-10-18,0,0,0,118571696.0,157710266.0
2024-10-19,0,0,0,119911162.0,160195562.0
2024-10-20,0,0,0,119131501.0,160254400.0
2024-10-21,0,0,0,118505960.0,160426953.0
2024-10-22,0,0,0,118269714.0,160376626.0
2024-10-23,0,0,0,119195986.0,156162421.0
2024-10-24,0,0,0,118817181.0,148136458.0
2024-10-25,0,0,0,119130309.0,146582556.0
2024-10-26,0,0,0,119657292.0,147103810.0
2024-10-27,0,0,0,119328324.0,147018862.0
2024-10-28,0,0,0,120374518.0,146976896.0
2024-10-29,0,0,0,119537754.0,147099272.0
2024-10-30,0,0,0,120254980.0,149713032.0
2024-10-31,0,0,0,120015905.0,149688771.0
2024-11-01,0,0,0,119531179.0,150878521.0
2024-11-02,0,0,0,120122787.0,149730486.0
2024-11-03,0,0,0,120253973.0,149493427.0
2024-11-04,0,0,0,120974776.0,150160336.0
2024-11-05,0,0,0,119998569.0,150581767.0
2024-11-06,0,0,0,119874350.0,156284392.0
2024-11-07,0,0,0,120253973.0,145634126.0
2024-11-08,0,0,0,119774399.0,167333758.0
2024-11-09,0,0,0,119877922.0,168754382.0
2024-11-10,0,0,0,120499610.0,169697520.0
2024-11-11,0,0,0,120366658.0,170086677.0
2024-11-12,0,0,0,120436392.0,181949916.0
2024-11-13,0,0,0,121249062.0,178762376.0
2024-11-14,0,0,0,119801191.0,178786884.0
2024-11-15,0,0,0,120249632.0,177476921.0
2024-11-16,0,0,0,122510119.0,178236214.0
2024-11-17,0,0,0,121536115.0,178579378.0
2024-11-18,0,0,0,121368029.0,178098863.0
2024-11-19,0,0,0,121004850.0,178643999.0
2024-11-20,0,0,0,122707673.0,178556706.0
2024-11-21,0,0,0,123669575.0,177596154.0
2024-11-22,0,0,0,123898511.0,180350406.0
2024-11-23,0,0,0,124437616.0,179950980.0
2024-11-24,0,0,0,124313427.0,180733602.0
2024-11-25,0,0,0,124685994.0,180382300.0
2024-11-26,0,0,0,123439135.0,180070631.0
2024-11-27,0,0,0,124313427.0,175883975.0
2024-11-28,0,0,0,123764510.0,182959269.0
2024-11-29,0,0,0,124118946.0,182105320.0
2024-11-30,0,0,0,124313427.0,182251231.0
2024-12-01,0,0,0,124072872.0,182848065.0
2024-12-02,0,0,0,124313427.0,183284591.0
2024-12-03,0,0,0,123719678.0,182195444.0
2024-12-04,0,0,0,124437616.0,185948722.0
2024-12-05,0,0,0,126548833.0,184293847.0
2024-12-06,0,0,0,125629988.0,183432896.0
2024-12-07,0,0,0,125505996.0,185505597.0
2024-12-08,0,0,0,125221791.0,185370154.0
2024-12-09,0,0,0,125255485.0,223558925.0
2024-12-10,0,0,0,124636723.0,223301846.0
2024-12-11,0,0,0,125505996.0,222658469.0
2024-12-12,0,0,0,125756507.0,225778286.0
2024-12-13,0,0,0,125086140.0,226215495.0
2024-12-14,0,0,0,127107831.0,226502693.0
2024-12-15,0,0,0,127488773.0,226162646.0
2024-12-16,0,0,0,127361793.0,237543130.0
2024-12-17,0,0,0,127368730.0,293955581.0
2024-12-18,0,0,0,126776284.0,297790022.0
2024-12-19,0,0,0,127488773.0,295403863.0
2024-12-20,0,0,0,127234812.0,312699700.0
2024-12-21,0,0,0,127406522.0,318246334.0
2024-12-22,0,0,0,127666466.0,319507508.0
2024-12-23,0,0,0,128309163.0,322892687.0
2024-12-24,0,0,0,127829699.0,330343114.0
2024-12-25,0,0,0,126939338.0,339679443.0
2024-12-26,0,0,0,128309163.0,340017379.0
2024-12-27,0,0,0,128053312.0,338066269.0
2024-12-28,0,0,0,128053312.0,337943556.0
2024-12-29,0,0,0,128565014.0,338719637.0
2024-12-30,0,0,0,128309163.0,337893701.0
2024-12-31,0,0,0,127917978.0,337919338.0
2025-01-01,0,0,0,127671940.0,337658273.0
2025-01-02,0,0,0,127918884.0,338132012.0
2025-01-03,0,0,0,127449866.0,338083701.0
2025-01-04,0,0,0,127790921.0,344346985.0
2025-01-05,0,0,0,128143651.0,344665963.0
2025-01-06,0,0,0,128284782.0,344995267.0
2025-01-07,0,0,0,127562309.0,333450729.0
2025-01-08,0,0,0,128365060.0,331560781.0
2025-01-09,0,0,0,125704561.0,327998574.0
2025-01-10,0,0,0,129258169.0,330313432.0
2025-01-11,0,0,0,127573350.0,330444796.0
2025-01-12,0,0,0,127956022.0,330683786.0
2025-01-13,0,0,0,128008427.0,329577393.0
2025-01-14,0,0,0,127571134.0,325854633.0
2025-01-15,0,0,0,128215115.0,337314083.0
2025-01-16,0,0,0,127709840.0,338685532.0
2025-01-17,0,0,0,127458770.0,355171472.0
2025-01-18,0,0,0,128732395.0,346679626.0
2025-01-19,0,0,0,129253529.0,370217965.0
2025-01-20,0,0,0,128596576.0,370441436.0
2025-01-21,0,0,0,128003992.0,369453837.0
2025-01-22,0,0,0,129025955.0,364983344.0
2025-01-23,0,0,0,129382856.0,362677855.0
2025-01-24,0,0,0,129511980.0,363291955.0
2025-01-25,0,0,0,129808017.0,362786614.0
2025-01-26,0,0,0,130067374.0,361804932.0
2025-01-27,0,0,0,129678339.0,361134697.0
2025-01-28,0,0,0,129012830.0,358135043.0
2025-01-29,0,0,0,129432339.0,349088061.0
2025-01-30,0,0,0,130197052.0,349653869.0
2025-01-31,0,0,0,128988061.0,347377909.0
2025-02-01,0,0,0,128022761.0,344071870.0
2025-02-02,0,0,0,129711604.0,350418271.0
2025-02-03,0,0,0,129185112.0,348865595.0
2025-02-04,0,0,0,130100350.0,348627431.0
2025-02-05,0,0,0,129970768.0,351465729.0
2025-02-06,0,0,0,129841186.0,351486055.0
2025-02-07,0,0,0,129841186.0,351036380.0
2025-02-08,0,0,0,130892711.0,349995015.0
2025-02-09,0,0,0,130631968.0,353134207.0
2025-02-10,0,0,0,130762340.0,352450203.0
2025-02-11,0,0,0,129729930.0,351033577.0
2025-02-12,0,0,0,129368019.0,349995486.0
2025-02-13,0,0,0,130892711.0,350649403.0
2025-02-14,0,0,0,130501597.0,350373885.0
2025-02-15,0,0,0,130228470.0,352634301.0
2025-02-16,0,0,0,130764330.0,352460451.0
2025-02-17,0,0,0,130894963.0,352182849.0
2025-02-18,0,0,0,130633696.0,351073707.0
2025-02-19,0,0,0,131286864.0,348980674.0
2025-02-20,0,0,0,130335253.0,368632623.0
2025-02-21,0,0,0,131114628.0,363282088.0
2025-02-22,0,0,0,131114628.0,371844126.0
2025-02-23,0,0,0,130907205.0,372143629.0
2025-02-24,0,0,0,132163546.0,371993179.0
2025-02-25,0,0,0,132032431.0,367359990.0
2025-02-26,0,0,0,130947195.0,402959944.0
2025-02-27,0,0,0,130798249.0,401287715.0
2025-02-28,0,0,0,131507972.0,391650348.0
2025-03-01,0,0,0,132582878.0,375926378.0
2025-03-02,0,0,0,132318241.0,375973933.0
2025-03-03,0,0,0,132582878.0,372907350.0
2025-03-04,0,0,0,133509106.0,345530417.0
2025-03-05,0,0,0,131954102.0,346419357.0
2025-03-06,0,0,0,132315516.0,360157990.0
2025-03-07,0,0,0,133368705.0,359697233.0
2025-03-08,0,0,0,132557035.0,485531820.0
2025-03-09,0,0,0,133234937.0,489584222.0
2025-03-10,0,0,0,134168118.0,488399929.0
2025-03-11,0,0,0,133901647.0,489350109.0
2025-03-12,0,0,0,133072051.0,591834161.0
2025-03-13,0,0,0,134448683.0,779889290.0
2025-03-14,0,0,0,133921455.0,824568243.0
2025-03-15,0,0,0,133478570.0,1073310593.0
2025-03-16,0,0,0,132961474.0,1073391815.0
2025-03-17,0,0,0,134279441.0,1073048266.0
2025-03-18,0,0,0,133612048.0,1075367205.0
2025-03-19,0,0,0,134012484.0,1275603940.0
2025-03-20,0,0,0,133612048.0,1346603023.0
2025-03-21,0,0,0,132704800.0,1440417156.0
2025-03-22,0,0,0,134220043.0,1497720496.0
2025-03-23,0,0,0,134354128.0,1497930443.0
2025-03-24,0,0,0,134622300.0,1497733424.0
2025-03-25,0,0,0,133865787.0,1500248072.0
2025-03-26,0,0,0,134252155.0,1749762661.0
2025-03-27,0,0,0,134112404.0,1750668699.0
2025-03-28,0,0,0,134252155.0,1760457579.0
2025-03-29,0,0,0,134087190.0,1773656939.0
2025-03-30,0,0,0,134252155.0,1773924893.0
2025-03-31,0,0,0,134252155.0,1775198858.0
2025-04-01,0,0,0,134215170.0,1769133468.0
2025-04-02,0,0,0,134178394.0,1764790369.0
2025-04-03,0,0,0,134755130.0,1786397428.0
2025-04-04,0,0,0,134201289.0,1787153954.0
2025-04-05,0,0,0,137272460.0,1786681608.0
2025-04-06,0,0,0,136792759.0,1786539239.0
2025-04-07,0,0,0,137272460.0,1785079583.0
2025-04-08,0,0,0,136543260.0,1883954198.0
2025-04-09,0,0,0,136861875.0,1983172420.0
2025-04-10,0,0,0,136583760.0,1985392592.0
2025-04-11,0,0,0,136699343.0,1982300182.0
2025-04-12,0,0,0,137835842.0,1984398768.0
2025-04-13,0,0,0,138792628.0,1985372354.0
2025-04-14,0,0,0,137898202.0,1984718778.0
2025-04-15,0,0,0,138378734.0,2029912390.0
2025-04-16,0,0,0,138378734.0,2071354808.0
2025-04-17,0,0,0,137530664.0,2083412572.0
2025-04-18,0,0,0,138074624.0,2133518258.0
2025-04-19,0,0,0,137541184.0,2132689273.0
2025-04-20,0,0,0,137489331.0,2132717673.0
2025-04-21,0,0,0,137395803.0,2132421114.0
2025-04-22,0,0,0,137440641.0,2183267341.0
2025-04-23,0,0,0,137482729.0,2299240478.0
2025-04-24,0,0,0,137443805.0,2292709610.0
2025-04-25,0,0,0,137616582.0,2285344719.0
2025-04-26,0,0,0,140307812.0,2289304240.0
2025-04-27,0,0,0,139770222.0,2287775769.0
2025-04-28,0,0,0,139761969.0,2287272444.0
2025-04-29,0,0,0,139753297.0,2286985399.0
2025-04-30,0,0,0,139996367.0,2287954057.0
2025-05-01,0,0,0,139856511.0,2287257214.0
2025-05-02,0,0,0,139833994.0,2288240433.0
2025-05-03,0,0,0,140339889.0,2288571261.0
2025-05-04,0,0,0,140317434.0,2287756256.0
2025-05-05,0,0,0,140292313.0,2287676596.0
2025-05-06,0,0,0,140031696.0,2287458481.0
2025-05-07,0,0,0,140764005.0,2388198813.0
2025-05-08,0,0,0,140094990.0,2478774297.0
2025-05-09,0,0,0,140342976.0,2468333441.0
2025-05-10,0,0,0,141637710.0,2473381246.0
2025-05-11,0,0,0,141779348.0,2472690406.0
2025-05-12,0,0,0,141507829.0,2472766021.0
2025-05-13,0,0,0,141452731.0,2469236818.0
2025-05-14,0,0,0,141591253.0,2480157920.0
2025-05-15,0,0,0,141182203.0,2507989687.0
2025-05-16,0,0,0,141637710.0,2536501479.0
2025-05-17,0,0,0,141544715.0,2538495032.0
2025-05-18,0,0,0,142399968.0,2538450641.0
2025-05-19,0,0,0,142399968.0,2539454392.0
2025-05-20,0,0,0,142243058.0,2539109106.0
2025-05-21,0,0,0,142399968.0,2519618821.0
2025-05-22,0,0,0,142542226.0,2513226060.0
2025-05-23,0,0,0,142399968.0,2529972867.0
2025-05-24,0,0,0,142968999.0,2531039149.0
2025-05-25,0,0,0,142135511.0,2530914574.0
2025-05-26,0,0,0,142968999.0,2535608371.0
2025-05-27,0,0,0,142010751.0,2534386179.0
2025-05-28,0,0,0,142179940.0,2523183812.0
2025-05-29,0,0,0,142842456.0,2525251859.0
2025-05-30,0,0,0,142222238.0,2531154184.0
2025-05-31,0,0,0,144310395.0,2530222266.0
2025-06-01,0,0,0,144904925.0,2529140120.0
2025-06-02,0,0,0,145049686.0,2529115284.0
2025-06-03,0,0,0,144831849.0,2530756792.0
2025-06-04,0,0,0,144682966.0,2536421692.0
2025-06-05,0,0,0,144687162.0,2526019091.0
2025-06-06,0,0,0,144833446.0,2527922799.0
2025-06-07,0,0,0,145678758.0,2518974854.0
2025-06-08,0,0,0,145044618.0,2519161232.0
2025-06-09,0,0,0,144878253.0,2519426304.0
2025-06-10,0,0,0,145175292.0,2533938495.0
2025-06-11,0,0,0,145210750.0,2562740906.0
2025-06-12,0,0,0,146125235.0,2568521729.0
2025-06-13,0,0,0,145979546.0,2573466187.0
2025-06-14,0,0,0,146092651.0,2577151037.0
2025-06-15,0,0,0,146315708.0,2579376894.0
2025-06-16,0,0,0,146081952.0,2579032417.0
2025-06-17,0,0,0,146994845.0,2579231234.0
2025-06-18,0,0,0,147141400.0,2590641532.0
2025-06-19,0,0,0,147141400.0,2587910577.0
2025-06-20,0,0,0,147287955.0,2594695400.0
2025-06-21,0,0,0,147994800.0,2610327363.0
2025-06-22,0,0,0,148142205.0,2609815394.0
2025-06-23,0,0,0,148142205.0,2609663223.0
2025-06-24,0,0,0,147405179.0,2614279806.0
2025-06-25,0,0,0,147847395.0,2619467819.0
2025-06-26,0,0,0,147373487.0,2626835733.0
2025-06-27,0,0,0,147552584.0,2625929471.0
2025-06-28,0,0,0,148568124.0,2627452139.0
2025-06-29,0,0,0,148476442.0,2628602811.0
2025-06-30,0,0,0,149337099.0,2629441027.0
2025-07-01,0,0,0,148528597.0,2641002718.0
2025-07-02,0,0,0,148577034.0,2640059208.0
2025-07-03,0,0,0,147168293.0,2635924251.0
2025-07-04,0,0,0,148519167.0,2633358153.0
2025-07-05,0,0,0,148909068.0,2631696258.0
2025-07-06,0,0,0,148611696.0,2631777384.0
2025-07-07,0,0,0,148176869.0,2631812560.0
2025-07-08,0,0,0,148397035.0,2635978488.0
2025-07-09,0,0,0,149206588.0,2645856507.0
2025-07-10,0,0,0,148909068.0,2648814466.0
2025-07-11,0,0,0,148759364.0,2655498757.0
2025-07-12,0,0,0,148791800.0,2673497606.0
2025-07-13,0,0,0,149535759.0,2670199443.0
2025-07-14,0,0,0,148579028.0,2679594843.0
2025-07-15,0,0,0,148940592.0,2701732528.0
2025-07-16,0,0,0,148236360.0,2680245769.0
2025-07-17,0,0,0,148380726.0,2691334205.0
2025-07-18,0,0,0,148141240.0,2398150059.0
2025-07-19,0,0,0,149134054.0,2401960462.0
2025-07-20,0,0,0,149693649.0,2407607150.0
2025-07-21,0,0,0,150441369.0,2402546875.0
2025-07-22,0,0,0,149502830.0,2401301581.0
2025-07-23,0,0,0,150142281.0,2403206408.0
2025-07-24,0,0,0,149693649.0,1977066859.0
2025-07-25,0,0,0,149843193.0,2407748730.0
2025-07-26,0,0,0,150142281.0,2401109481.0
2025-07-27,0,0,0,149115661.0,2400521429.0
2025-07-28,0,0,0,149992737.0,2395102516.0
2025-07-29,0,0,0,151039090.0,2371525728.0
2025-07-30,0,0,0,150588227.0,2377118851.0
2025-07-31,0,0,0,150973408.0,2349126889.0
2025-08-01,0,0,0,150776433.0,2375398679.0
2025-08-02,0,0,0,151124230.0,2405420820.0
2025-08-03,0,0,0,152638653.0,2404558974.0
2025-08-04,0,0,0,152486319.0,2406559818.0
2025-08-05,0,0,0,151937003.0,2350218025.0
2025-08-06,0,0,0,152930853.0,2350548796.0
2025-08-07,0,0,0,152026367.0,2350137231.0
2025-08-08,0,0,0,152195140.0,2377290390.0
2025-08-09,0,0,0,152204279.0,2375772044.0
2025-08-10,0,0,0,151831396.0,2376203617.0
2025-08-11,0,0,0,151778540.0,2378524771.0
2025-08-12,0,0,0,152216160.0,2380848850.0
2025-08-13,0,0,0,151963915.0,2375572841.0
2025-08-14,0,0,0,152113495.0,2389208626.0
2025-08-15,0,0,0,152043580.0,2392484948.0
2025-08-16,0,0,0,153524938.0,2381406716.0
2025-08-17,0,0,0,153316813.0,2384036930.0
2025-08-18,0,0,0,152721731.0,2383043113.0
2025-08-19,0,0,0,150634804.0,2395425666.0
2025-08-20,0,0,0,153524938.0,2387828983.0
2025-08-21,0,0,0,153524938.0,2386506004.0
2025-08-22,0,0,0,153524938.0,2387842713.0
2025-08-23,0,0,0,153113289.0,2368220086.0
2025-08-24,0,0,0,154138424.0,2362681660.0
2025-08-25,0,0,0,153074486.0,2364108499.0
2025-08-26,0,0,0,153414163.0,2365996209.0
2025-08-27,0,0,0,153295674.0,2400646530.0
2025-08-28,0,0,0,153510368.0,2419540815.0
2025-08-29,0,0,0,154865879.0,2423734618.0
2025-08-30,0,0,0,154711784.0,2446568001.0
2025-08-31,0,0,0,154711784.0,2460193058.0
2025-09-01,0,0,0,154711784.0,2474199225.0
2025-09-02,0,0,0,154057341.0,2493405375.0
2025-09-03,0,0,0,154058794.0,2461338928.0
2025-09-04,0,0,0,154041844.0,2520868228.0
2025-09-05,0,0,0,154044002.0,2594059310.0
2025-09-06,0,0,0,154052631.0,2609255326.0
2025-09-07,0,0,0,154062954.0,2615520240.0
2025-09-08,0,0,0,154044464.0,2610362053.0
2025-09-09,0,0,0,154041382.0,2620181925.0
2025-09-10,0,0,0,154040612.0,2650399941.0
2025-09-11,0,0,0,154058024.0,2748217304.0
2025-09-12,0,0,0,153950730.0,2946663531.0
2025-09-13,0,0,0,153966745.0,2996091579.0
2025-09-14,0,0,0,153965975.0,2996803754.0
2025-09-15,0,0,0,153966129.0,2996329927.0
2025-09-16,0,0,0,153951192.0,2942361373.0
2025-09-17,0,0,0,154634476.0,2946942965.0
2025-09-18,0,0,0,154620247.0,2955574365.0
2025-09-19,0,0,0,154619937.0,2958697045.0
2025-09-20,0,0,0,154931891.0,2973581186.0
2025-09-21,0,0,0,154932356.0,2971677745.0
2025-09-22,0,0,0,154930961.0,2975251427.0
2025-09-23,0,0,0,154931891.0,2979008365.0
2025-09-24,0,0,0,154916703.0,3039818453.0
2025-09-25,0,0,0,154931426.0,3280552529.0
2025-09-26,0,0,0,155764257.0,3529594657.0
2025-09-27,0,0,0,155783267.0,3481172231.0
2025-09-28,0,0,0,155765036.0,3491517108.0
2025-09-29,0,0,0,155779683.0,3490834380.0
2025-09-30,0,0,0,155764049.0,3444155645.0
2025-10-01,0,0,0,155765919.0,3443640453.0
2025-10-02,0,0,0,155722887.0,3472783829.0
2025-10-03,0,0,0,155708995.0,3405856801.0
2025-10-04,0,0,0,156467141.0,3488150068.0
2025-10-05,0,0,0,156468473.0,3489031093.0
2025-10-06,0,0,0,156467029.0,3493271459.0
2025-10-07,0,0,0,156458578.0,3500623046.0
2025-10-08,0,0,0,154971252.0,3505370665.0
2025-10-09,0,0,0,154971564.0,3585417340.0
2025-10-10,0,0,0,154982922.0,3576326593.0
2025-10-11,0,0,0,155001095.0,3580816854.0
2025-10-12,0,0,0,155239573.0,3574204874.0
2025-10-13,0,0,0,155226781.0,3573411657.0
2025-10-14,0,0,0,155319421.0,3543905120.0
2025-10-15,0,0,0,154796617.0,3511607470.0
2025-10-16,0,0,0,154795621.0,3496943430.0
2025-10-17,0,0,0,154796269.0,3490195651.0
2025-10-18,0,0,0,154816736.0,3480112464.0
2025-10-19,0,0,0,154798549.0,3482464284.0
2025-10-20,0,0,0,154798332.0,3482019975.0
2025-10-21,0,0,0,156066485.0,3475794836.0
2025-10-22,0,0,0,156075442.0,3473028772.0
2025-10-23,0,0,0,155104482.0,3467942821.0
2025-10-24,0,0,0,155116682.0,3485862685.0
2025-10-25,0,0,0,155049949.0,3512868055.0
2025-10-26,0,0,0,155037257.0,3513559442.0
2025-10-27,0,0,0,155048980.0,3511812781.0
2025-10-28,0,0,0,155038793.0,3515169742.0
2025-10-29,0,0,0,155038038.0,3510032726.0
2025-10-30,0,0,0,155038002.0,3515376589.0
2025-10-31,0,0,0,155038428.0,3523609798.0
2025-11-01,0,0,0,155024525.0,3529554455.0
2025-11-02,0,0,0,155527351.0,3530903518.0
2025-11-03,0,0,0,155525060.0,3530072325.0
2025-11-04,0,0,0,155524355.0,3516795762.0
2025-11-05,0,0,0,155521573.0,3492231543.0
2025-11-06,0,0,0,155523291.0,3493216574.0
2025-11-07,0,0,0,155507026.0,3469139856.0
2025-11-08,0,0,0,155865675.0,3454205918.0
2025-11-09,0,0,0,155850277.0,3455477354.0
2025-11-10,0,0,0,155829595.0,3466216367.0
2025-11-11,0,0,0,155860938.0,3468545708.0
2025-11-12,0,0,0,155845391.0,3476269688.0
2025-11-13,0,0,0,155847102.0,3189206434.0
2025-11-14,0,0,0,155844957.0,3182481567.0
2025-11-15,0,0,0,155844146.0,3159363225.0
2025-11-16,0,0,0,155839428.0,3186938213.0
2025-11-17,0,0,0,155842503.0,3182549348.0
2025-11-18,0,0,0,156181888.0,2979519401.0
2025-11-19,0,0,0,156193396.0,2981922048.0
2025-11-20,0,0,0,156003509.0,2979301637.0
2025-11-21,0,0,0,156029427.0,3016704383.0
2025-11-22,0,0,0,156198770.0,3179669222.0
2025-11-23,0,0,0,156181788.0,3145788770.0
2025-11-24,0,0,0,156190719.0,3151005294.0
2025-11-25,0,0,0,155931322.0,3114252447.0
2025-11-26,0,0,0,155924199.0,3106119069.0
2025-11-27,0,0,0,155938518.0,3111691035.0
2025-11-28,0,0,0,155938152.0,3136655235.0
2025-11-29,0,0,0,155268974.0,3144560572.0
2025-11-30,0,0,0,155257687.0,3113377813.0
2025-12-01,0,0,0,155263788.0,3202838008.0
2025-12-02,0,0,0,155277212.0,3237019292.0
2025-12-03,0,0,0,155281097.0,3261554717.0
2025-12-04,0,0,0,155283876.0,2967232120.0
2025-12-05,0,0,0,155277474.0,2983083939.0
2025-12-06,0,0,0,155523265.0,2983657177.0
2025-12-07,0,0,0,155522657.0,3011061365.0
2025-12-08,0,0,0,155528137.0,3015314330.0
2025-12-09,0,0,0,155522320.0,3022924849.0
2025-12-10,0,0,0,155553488.0,2746594918.0
2025-12-11,0,0,0,155511367.0,2740535632.0
2025-12-12,0,0,0,155497289.0,2728069908.0
2025-12-13,0,0,0,155728459.0,2746409625.0
2025-12-14,0,0,0,155699765.0,2751572905.0
2025-12-15,0,0,0,155714333.0,2761201009.0
2025-12-16,0,0,0,155715008.0,2769594131.0
2025-12-17,0,0,0,155715346.0,2770270647.0
2025-12-18,0,0,0,155612220.0,2766341197.0
2025-12-19,0,0,0,155809369.0,2758788580.0
2025-12-20,0,0,0,155857464.0,2753340117.0
2025-12-21,0,0,0,155872003.0,2757795209.0
2025-12-22,0,0,0,155860079.0,2756368205.0
2025-12-23,0,0,0,155859208.0,2770174389.0
2025-12-24,0,0,0,155843707.0,2756499795.0
2025-12-25,0,0,0,155889464.0,2750803046.0
2025-12-26,0,0,0,155874982.0,2752073993.0
2025-12-27,0,0,0,155868005.0,2741198450.0
2025-12-28,0,0,0,155861130.0,2736835536.0
2025-12-29,0,0,0,155875788.0,2740858664.0
2025-12-30,0,0,0,155858306.0,2728087074.0
2025-12-31,0,0,0,155895629.0,2728110649.0
2026-01-01,0,0,0,155874469.0,2710994970.0
2026-01-02,0,0,0,155890166.0,2724073040.0
2026-01-03,0,0,0,155877117.0,2768174201.0
2026-01-04,0,0,0,155891027.0,2766748278.0
2026-01-05,0,0,0,155892410.0,2769097106.0
2026-01-06,0,0,0,155892850.0,2778469768.0
2026-01-07,0,0,0,155903107.0,2773079007.0
2026-01-08,0,0,0,155876392.0,2809420523.0
2026-01-09,0,0,0,155891941.0,2804836787.0
2026-01-10,0,0,0,155904852.0,2828429990.0
2026-01-11,0,0,0,155877906.0,2831933067.0
2026-01-12,0,0,0,155875996.0,2831268198.0
2026-01-13,0,0,0,155877847.0,2855401925.0
2026-01-14,0,0,0,155675602.0,2932609850.0
2026-01-15,0,0,0,156093606.0,2966941570.0
2026-01-16,0,0,0,156107028.0,3013176836.0
2026-01-17,0,0,0,156092061.0,3023665803.0
2026-01-18,0,0,0,156093710.0,3028191714.0
2026-01-19,0,0,0,156092072.0,3026261888.0
2026-01-20,0,0,0,156105814.0,3025161950.0
2026-01-21,0,0,0,156092209.0,3042327202.0
2026-01-22,0,0,0,156836451.0,3041003948.0
2026-01-23,0,0,0,156835533.0,3066389619.0
2026-01-24,0,0,0,156820476.0,3063197076.0
2026-01-25,0,0,0,156837649.0,3061162133.0
2026-01-26,0,0,0,156837734.0,3060448599.0
2026-01-27,0,0,0,156823904.0,3059946484.0
2026-01-28,0,0,0,156820662.0,3095700125.0
2026-01-29,0,0,0,156807555.0,3104874805.0
2026-01-30,0,0,0,156835746.0,3133142666.0
2026-01-31,0,0,0,157021274.0,2578984329.0
2026-02-01,0,0,0,157004722.0,2556506876.0
2026-02-02,0,0,0,157020801.0,2547800891.0
2026-02-03,0,0,0,157036113.0,2561205942.0
2026-02-04,0,0,0,157019512.0,3119868258.0
2026-02-05,0,0,0,157019325.0,3109164431.0
2026-02-06,0,0,0,157018436.0,3057459368.0
2026-02-07,0,0,0,157045657.0,3047564691.0
2026-02-08,0,0,0,157031982.0,3074759406.0
2026-02-09,0,0,0,157039442.0,3073576874.0
2026-02-10,0,0,0,157049073.0,3009210651.0
2026-02-11,0,0,0,156915828.0,3157908469.0
2026-02-12,0,0,0,156927101.0,3126224349.0
2026-02-13,0,0,0,156930284.0,3105451714.0
2026-02-14,0,0,0,156931918.0,3121784068.0
2026-02-15,0,0,0,156928834.0,3147343724.0
2026-02-16,0,0,0,156943490.0,3148544295.0
2026-02-17,0,0,0,156942880.0,3145241916.0
2026-02-18,0,0,0,156943362.0,3148365249.0
2026-02-19,0,0,0,156919691.0,3132505558.0
2026-02-20,0,0,0,156943012.0,3060819341.0
2026-02-21,0,0,0,156926093.0,3065691837.0
2026-02-22,0,0,0,156943021.0,3064301921.0
2026-02-23,0,0,0,156943280.0,3055663889.0
2026-02-24,0,0,0,156912447.0,2907734458.0
2026-02-25,0,0,0,156928667.0,2901623361.0
2026-02-26,0,0,0,156927874.0,2885781762.0
2026-02-27,0,0,0,156929037.0,2892941255.0
2026-02-28,0,0,0,156915009.0,3005703851.0
2026-03-01,0,0,0,156931006.0,3009574611.0
2026-03-02,0,0,0,156927164.0,3009520466.0
2026-03-03,0,0,0,156928250.0,3006276352.0
2026-03-04,0,0,0,156943038.0,3011788474.0
2026-03-05,0,0,0,156927212.0,2924198027.0
2026-03-06,0,0,0,156927834.0,2912201044.0
2026-03-07,0,0,0,156924740.0,2909399262.0
2026-03-08,0,0,0,156923936.0,2807144071.0
2026-03-09,0,0,0,156920997.0,2803224893.0
2026-03-10,0,0,0,156934351.0,2775238241.0
2026-03-11,0,0,0,156937031.0,2779186796.0
2026-03-12,0,0,0,156924414.0,2850363054.0
2026-03-13,0,0,0,156938355.0,2954865853.0
2026-03-14,0,0,0,156923672.0,3076635850.0
2026-03-15,0,0,0,156938479.0,3109653564.0
2026-03-16,0,0,0,156942344.0,3102581295.0
2026-03-17,0,0,0,156924686.0,3106274356.0
2026-03-18,0,0,0,156923551.0,3197876455.0
2026-03-19,0,0,0,156926313.0,3256893679.0
2026-03-20,0,0,0,156944157.0,3419837949.0
2026-03-21,0,0,0,156937381.0,3476061945.0
2026-03-22,0,0,0,156922448.0,3483956349.0
2026-03-23,0,0,0,156935976.0,3483025928.0
2026-03-24,0,0,0,156923358.0,3454706487.0
2026-03-25,0,0,0,156908868.0,3534044329.0
2026-03-26,0,0,0,156921021.0,3579214970.0
2026-03-27,0,0,0,156907770.0,3452725243.0
2026-03-28,0,0,0,156905687.0,3468427875.0
2026-03-29,0,0,0,156907501.0,3469593992.0
2026-03-30,0,0,0,156902130.0,3469521837.0
2026-03-31,0,0,0,156896115.0,3518806453.0
2026-04-01,0,0,0,156894975.0,3567214001.0
2026-04-02,0,0,0,156922946.0,3604025091.0
2026-04-03,0,0,0,156924830.0,3841953657.0
2026-04-04,0,0,0,156937667.0,3848376931.0
2026-04-05,0,0,0,156907969.0,3848390112.0
2026-04-06,0,0,0,156910566.0,3849389663.0
2026-04-07,0,0,0,156939767.0,3782366968.0
2026-04-08,0,0,0,156910578.0,3604466094.0
2026-04-09,0,0,0,156910317.0,3702448196.0
2026-04-10,0,0,0,156923828.0,3737220716.0
2026-04-11,0,0,0,156809447.0,3761767908.0
2026-04-12,0,0,0,156810331.0,3771948974.0
2026-04-13,0,0,0,156805651.0,3777368489.0
2026-04-14,0,0,0,156806741.0,3808868933.0
2026-04-15,0,0,0,156801240.0,3884644649.0
2026-04-16,0,0,0,156809552.0,3885084279.0
2026-04-17,0,0,0,156807658.0,4004034297.0
2026-04-18,0,0,0,156792943.0,4050467319.0
2026-04-19,0,0,0,156792732.0,4057149293.0
2026-04-20,0,0,0,156791109.0,4057320733.0
2026-04-21,0,0,0,156823601.0,4112033790.0
2026-04-22,0,0,0,156807450.0,4172258281.0
2026-04-23,0,0,0,156792562.0,4068774570.0
2026-04-24,0,0,0,156818996.0,3936954653.0
2026-04-25,0,0,0,156806154.0,3871327016.0
2026-04-26,0,0,0,156807440.0,3875916418.0
2026-04-27,0,0,0,156807445.0,3889526590.0
2026-04-28,0,0,0,156822765.0,3849872753.0
2026-04-29,0,0,0,156810560.0,3742324915.0
2026-04-30,0,0,0,156823402.0,3646758238.0
2026-05-01,0,0,0,156803899.0,3608855584.0
2026-05-02,0,0,0,156816411.0,3621045841.0
2026-05-03,0,0,0,156820032.0,3633083954.0
2026-05-04,0,0,0,156822788.0,3637739525.0
2026-05-05,0,0,0,156807355.0,3607409092.0
2026-05-06,0,0,0,156809196.0,3632102032.0
2026-05-07,0,0,0,156823325.0,3639800746.0
2026-05-08,0,0,0,156807137.0,3630054045.0
2026-05-09,0,0,0,156822517.0,3778550607.0
2026-05-10,0,0,0,156808339.0,3834881887.0
2026-05-11,0,0,0,156806648.0,3855200660.0
2026-05-12,0,0,0,156822685.0,3772166575.0
2026-05-13,0,0,0,156792176.0,3864577654.0
2026-05-14,0,0,0,156807597.0,4063898744.0
2026-05-15,0,0,0,156792159.0,4020107634.0
2026-05-16,0,0,0,156811201.0,4279077544.0
2026-05-17,0,0,0,156792905.0,4277498112.0
2026-05-18,0,0,0,156792314.0,4283669986.0
2026-05-19,0,0,0,156772451.0,4277443473.0
2026-05-20,0,0,0,156792499.0,4272192646.0
2026-05-21,0,0,0,156792499.0,4182474422.0
2026-05-22,0,0,0,156780101.0,4157855098.0
2026-05-23,0,0,0,0,4158643429.0
2026-05-24,0,0,0,156791159.0,4165806028.0
2026-05-25,0,0,0,156791944.0,4170922790.0
2026-05-26,0,0,0,156776026.0,4171015533.0
2026-05-27,0,0,0,156776903.0,4201940784.0
2026-05-28,0,0,0,156775697.0,4169530718.0
2026-05-29,0,0,0,156761112.0,4138258050.0
2026-05-30,0,0,0,156778614.0,4164878076.0
2026-05-31,0,0,0,156776712.0,4168283438.0
2026-06-01,0,0,0,156760560.0,4162462528.0
2026-06-02,0,0,0,156775866.0,4119792132.0
2026-06-03,0,0,0,156793860.0,4077762376.0
2026-06-04,0,0,0,156790745.0,4068327426.0
2026-06-05,0,0,0,156777816.0,3968051377.0
2026-06-06,0,0,0,156791890.0,3979284192.0
2026-06-07,0,0,0,156791046.0,3974987982.0
2026-06-08,0,0,0,156792529.0,3969336837.0
2026-06-09,0,0,0,156776150.0,3948391369.0
2026-06-10,0,0,0,156791353.0,3917441369.0
2026-06-11,0,0,0,156806665.0,3932366087.0
2026-06-12,0,0,0,156791115.0,3949493625.0
2026-06-13,0,0,0,156807028.0,3898201784.0
2026-06-14,0,0,0,156793821.0,3910626797.0
2026-06-15,0,0,0,156792158.0,3920409434.0
2026-06-16,0,0,0,156789768.0,3935520475.0
2026-06-17,0,0,0,156807365.0,4008202464.0
2026-06-18,0,0,0,156792143.0,3985559509.0
2026-06-19,0,0,0,156821815.0,4010645651.0
2026-06-20,0,0,0,156792517.0,4015951863.0
2026-06-21,0,0,0,156797945.0,4021858902.0
2026-06-22,0,0,0,156792012.0,4023660629.0
2026-06-23,0,0,0,156806516.0,4027098872.0
2026-06-24,0,0,0,156807187.0,4049073975.0
2026-06-25,0,0,0,156791712.0,3971660530.0
2026-06-26,0,0,0,156775982.0,3855048934.0
2026-06-27,0,0,0,156791489.0,3654445089.0
2026-06-28,0,0,0,156791265.0,3643653573.0
2026-06-29,0,0,0,156792950.0,3642976793.0
2026-06-30,0,0,0,156790728.0,3765140176.0
2026-07-01,0,0,0,156760680.0,3770362957.0
2026-07-02,0,0,0,156792336.0,3768210129.0
2026-07-03,0,0,0,156793847.0,3768354707.0
2026-07-04,0,0,0,156822600.0,3805852309.0
2026-07-05,0,0,0,156792116.0,3798271999.0
2026-07-06,0,0,0,156791845.0,3799385833.0
2026-07-07,0,0,0,156806720.0,3845668480.0
2026-07-08,0,0,0,156791866.0,3837636711.0
2026-07-09,0,0,0,156807239.0,3804489117.0
2026-07-10,0,0,0,156791819.0,3830748412.0
2026-07-11,0,0,0,156792373.0,3780078633.0
2026-07-12,0,0,0,156807149.0,3792625080.0
2026-07-13,0,0,0,156806920.0,3795014890.0
2026-07-14,0,0,0,156793047.0,3806424618.0
2026-07-15,0,0,0,156807621.0,3817075988.0
2026-07-16,0,0,0,156805894.0,3553351272.0
2026-07-17,0,0,0,156807911.0,3562269238.0
2026-07-18,0,0,0,156823042.0,3533362926.0
2026-07-19,0,0,0,156853298.0,3543888093.0
2026-07-20,0,0,0,156822054.0,3561436666.0
2026-07-21,0,0,0,156806862.0,3486777456.0
2026-07-22,0,0,0,156821937.0,3483558664.0
2026-07-23,0,0,0,156838311.0,3500237969.0
2026-07-24,0,0,0,156822741.0,3667414986.0
2026-07-25,0,0,0,156821777.0,3656980811.0
2026-07-26,0,0,0,156807198.0,3656955948.0
2026-07-27,0,0,0,156838508.0,3658920192.0
2026-07-28,0,0,0,156806883.0,3662803925.0
2026-07-29,0,0,0,156822655.0,3669156080.0
2026-07-30,0,0,0,156792953.0,3668949817.0
2026-07-31,0,0,0,156791048.0,3675235052.0
2026-08-01,0,0,0,156807600.0,3676491679.0
2026-08-02,0,0,0,156805035.0,3681985445.0
2026-08-03,0,0,0,156806894.0,3685011692.0
2026-08-04,0,0,0,156792566.0,3721018202.0
2026-08-05,0,0,0,156807331.0,3739457226.0
2026-08-06,0,0,0,157137741.0,3709729269.0
2026-08-07,0,0,0,157284474.0,3706717819.0
2026-08-08,0,0,0,157016272.0,3756402739.0
2026-08-09,0,0,0,155092360.0,3758039467.0
2026-08-10,0,0,0,154144065.0,3761801674.0
2026-08-11,0,0,0,155744992.0,3753824553.0
2026-08-12,0,0,0,154162433.0,3759953055.0
2026-08-13,0,0,0,155338319.0,3757792057.0
2026-08-14,0,0,0,154659663.0,3768277395.0
2026-08-15,0,0,0,154709403.0,3781101720.0
2026-08-16,0,0,0,154662778.0,3783473797.0
2026-08-17,0,0,0,155047067.0,3786899683.0
2026-08-18,0,0,0,155064118.0,3783855094.0
2026-08-19,0,0,0,155081854.0,3774696202.0
2026-08-20,0,0,0,155066192.0,3757518592.0
2026-08-21,0,0,0,155080241.0,3682162655.0
2026-08-22,0,0,0,155098691.0,3598467709.0
2026-08-23,0,0,0,155101477.0,3603726355.0
2026-08-24,0,0,0,155096362.0,3606457850.0
2026-08-25,0,0,0,155103693.0,3665407461.0
2026-08-26,0,0,0,155098545.0,3825000378.0
2026-08-27,0,0,0,155112220.0,3836828378.0
2026-08-28,0,0,0,155118005.0,3901435511.0
2026-08-29,0,0,0,155112278.0,3906711875.0
2026-08-30,0,0,0,155112743.0,3905713945.0
2026-08-31,0,0,0,155099492.0,3903039600.0
2026-09-01,0,0,0,155096349.0,3901085550.0
2026-09-02,0,0,0,155083414.0,3881795690.0
2026-09-03,0,0,0,155089845.0,3869588940.0
2026-09-04,0,0,0,155108971.0,3957723910.0
2026-09-05,0,0,0,155120312.0,3932376749.0
2026-09-06,0,0,0,155112952.0,3928350733.0
2026-09-07,0,0,0,155105130.0,3932126360.0
2026-09-08,0,0,0,155101028.0,3947190630.0
2026-09-09,0,0,0,155115170.0,3961098667.0
2026-09-10,0,0,0,155096107.0,4079635040.0
2026-09-11,0,0,0,155114314.0,4089169671.0
2026-09-12,0,0,0,155097272.0,4063700770.0
2026-09-13,0,0,0,155101030.0,4068806061.0
2026-09-14,0,0,0,155089231.0,4071859540.0
2026-09-15,0,0,0,155098851.0,4020588869.0
2026-09-16,0,0,0,155073854.0,3995453362.0
2026-09-17,0,0,0,155060528.0,3969817970.0
2026-09-18,0,0,0,155061830.0,3709132294.0
2026-09-19,0,0,0,155061367.0,3759427286.0
2026-09-20,0,0,0,155065614.0,3767905248.0
2026-09-21,0,0,0,155079024.0,3772039953.0
2026-09-22,0,0,0,155096367.0,3794504545.0
2026-09-23,0,0,0,155103674.0,3788774370.0
2026-09-24,0,0,0,155095351.0,3683265093.0
2026-09-25,0,0,0,155088429.0,3694752538.0
2026-09-26,0,0,0,155097438.0,3690625761.0
