date,Treasuries,Private Credit,Commodities,Real Estate,Other
2023-01-27,0,0,0,0,135.0
2023-01-28,0,0,0,0,315.0
2023-01-29,0,0,0,0,315.0
2023-01-30,0,0,0,0,315.0
2023-01-31,0,0,0,0,495.0
2023-02-01,0,0,0,0,500921.0
2023-02-02,0,0,0,0,500921.0
2023-02-03,0,0,0,0,500921.0
2023-02-04,0,0,0,0,16020746.0
2023-02-05,0,0,0,0,16020746.0
2023-02-06,0,0,0,0,16020746.0
2023-02-07,0,0,0,0,16020746.0
2023-02-08,0,0,0,0,24800411.0
2023-02-09,0,0,0,0,26050815.0
2023-02-10,0,0,0,0,26050815.0
2023-02-11,0,0,0,0,31312004.0
2023-02-12,0,0,0,0,31312004.0
2023-02-13,0,0,0,0,31312004.0
2023-02-14,0,0,0,0,36586155.0
2023-02-15,0,0,0,0,36586155.0
2023-02-16,0,0,0,0,37365739.0
2023-02-17,0,0,0,0,37365739.0
2023-02-18,0,0,0,0,37522850.0
2023-02-19,0,0,0,0,37522850.0
2023-02-20,0,0,0,0,37522850.0
2023-02-21,0,0,0,0,37522850.0
2023-02-22,0,0,0,0,37525588.0
2023-02-23,0,0,0,0,37885890.0
2023-02-24,0,0,0,0,36903238.0
2023-02-25,0,0,0,0,37916477.0
2023-02-26,0,0,0,0,37916477.0
2023-02-27,0,0,0,0,37916477.0
2023-02-28,0,0,0,0,38019748.0
2023-03-01,0,0,0,0,39660673.0
2023-03-02,0,0,0,0,40659857.0
2023-03-03,0,0,0,0,41146280.0
2023-03-04,0,0,0,0,46064532.0
2023-03-05,0,0,0,0,46064532.0
2023-03-06,0,0,0,0,46064532.0
2023-03-07,0,0,0,0,48768177.0
2023-03-08,0,0,0,0,48771319.0
2023-03-09,0,0,0,0,48763660.0
2023-03-10,0,0,0,0,48765441.0
2023-03-11,0,0,0,0,48191806.0
2023-03-12,0,0,0,0,48191806.0
2023-03-13,0,0,0,0,48191806.0
2023-03-14,0,0,0,0,48613504.0
2023-03-15,0,0,0,0,47647955.0
2023-03-16,0,0,0,0,49499925.0
2023-03-17,0,0,0,0,51548561.0
2023-03-18,0,0,0,0,53345402.0
2023-03-19,0,0,0,0,53345402.0
2023-03-20,0,0,0,0,53345402.0
2023-03-21,0,0,0,0,53081707.0
2023-03-22,0,0,0,0,53171464.0
2023-03-23,0,0,0,0,54156764.0
2023-03-24,0,0,0,0,54175861.0
2023-03-25,0,0,0,0,54210444.0
2023-03-26,0,0,0,0,54210444.0
2023-03-27,0,0,0,0,54210444.0
2023-03-28,0,0,0,0,62732020.0
2023-03-29,0,0,0,0,63331364.0
2023-03-30,0,0,0,0,68182314.0
2023-03-31,0,0,0,0,68190523.0
2023-04-01,0,0,0,0,68005317.0
2023-04-02,0,0,0,0,68005317.0
2023-04-03,0,0,0,0,68005317.0
2023-04-04,0,0,0,0,68010903.0
2023-04-05,0,0,0,0,67863861.0
2023-04-06,0,0,0,0,67863861.0
2023-04-07,0,0,0,0,70547349.0
2023-04-08,0,0,0,0,70546048.0
2023-04-09,0,0,0,0,70546048.0
2023-04-10,0,0,0,0,70546048.0
2023-04-11,0,0,0,0,70446050.0
2023-04-12,0,0,0,0,70923164.0
2023-04-13,0,0,0,0,71378740.0
2023-04-14,0,0,0,0,71384879.0
2023-04-15,0,0,0,0,101522290.0
2023-04-16,0,0,0,0,101522290.0
2023-04-17,0,0,0,0,101522290.0
2023-04-18,0,0,0,0,101683425.0
2023-04-19,0,0,0,0,101891310.0
2023-04-20,0,0,0,0,102064684.0
2023-04-21,0,0,0,0,102721874.0
2023-04-22,0,0,0,0,102577309.0
2023-04-23,0,0,0,0,102577309.0
2023-04-24,0,0,0,0,102577309.0
2023-04-25,0,0,0,0,104586112.0
2023-04-26,0,0,0,0,105193849.0
2023-04-27,0,0,0,0,105221817.0
2023-04-28,0,0,0,0,105230883.0
2023-04-29,0,0,0,0,105249413.0
2023-04-30,0,0,0,0,105249413.0
2023-05-01,0,0,0,0,105249413.0
2023-05-02,0,0,0,0,105401135.0
2023-05-03,0,0,0,0,110203786.0
2023-05-04,0,0,0,0,111594255.0
2023-05-05,0,0,0,0,111594255.0
2023-05-06,0,0,0,0,116384105.0
2023-05-07,0,0,0,0,116384105.0
2023-05-08,0,0,0,0,116384105.0
2023-05-09,0,0,0,0,116484007.0
2023-05-10,0,0,0,0,118231656.0
2023-05-11,0,0,0,0,118231656.0
2023-05-12,0,0,0,0,118231656.0
2023-05-13,0,0,0,0,118231656.0
2023-05-14,0,0,0,0,118231656.0
2023-05-15,0,0,0,0,118231656.0
2023-05-16,0,0,0,0,118231656.0
2023-05-17,0,0,0,0,118231656.0
2023-05-18,0,0,0,0,130005732.0
2023-05-19,0,0,0,0,131783157.0
2023-05-20,0,0,0,0,138464766.0
2023-05-21,0,0,0,0,138464766.0
2023-05-22,0,0,0,0,138464766.0
2023-05-23,0,0,0,0,112062142.0
2023-05-24,0,0,0,0,103581425.0
2023-05-25,0,0,0,0,103581425.0
2023-05-26,0,0,0,0,103581425.0
2023-05-27,0,0,0,0,104080047.0
2023-05-28,0,0,0,0,104080047.0
2023-05-29,0,0,0,0,104080047.0
2023-05-30,0,0,0,0,104080047.0
2023-05-31,0,0,0,0,103502843.0
2023-06-01,0,0,0,0,100474762.0
2023-06-02,0,0,0,0,100574448.0
2023-06-03,0,0,0,0,100574448.0
2023-06-04,0,0,0,0,100574448.0
2023-06-05,0,0,0,0,100574448.0
2023-06-06,0,0,0,0,105934505.0
2023-06-07,0,0,0,0,106238883.0
2023-06-08,0,0,0,0,109923265.0
2023-06-09,0,0,0,0,103898714.0
2023-06-10,0,0,0,0,104356080.0
2023-06-11,0,0,0,0,104356080.0
2023-06-12,0,0,0,0,104356080.0
2023-06-13,0,0,0,0,136197886.0
2023-06-14,0,0,0,0,139466789.0
2023-06-15,0,0,0,0,139466789.0
2023-06-16,0,0,0,0,144589759.0
2023-06-17,0,0,0,0,145683082.0
2023-06-18,0,0,0,0,145632614.0
2023-06-19,0,0,0,0,143613893.0
2023-06-20,0,0,0,0,143613893.0
2023-06-21,0,0,0,0,142169947.0
2023-06-22,0,0,0,0,130822475.0
2023-06-23,0,0,0,0,130181515.0
2023-06-24,0,0,0,0,130080579.0
2023-06-25,0,0,0,0,130080579.0
2023-06-26,0,0,0,0,130080579.0
2023-06-27,0,0,0,0,130131021.0
2023-06-28,0,0,0,0,130131021.0
2023-06-29,0,0,0,0,130329616.0
2023-06-30,0,0,0,0,130329616.0
2023-07-01,0,0,0,0,131569390.0
2023-07-02,0,0,0,0,131569390.0
2023-07-03,0,0,0,0,131569390.0
2023-07-04,0,0,0,0,131569390.0
2023-07-05,0,0,0,0,131569390.0
2023-07-06,0,0,0,0,130967391.0
2023-07-07,0,0,0,0,135792663.0
2023-07-08,0,0,0,0,135900460.0
2023-07-09,0,0,0,0,135901319.0
2023-07-10,0,0,0,0,135900034.0
2023-07-11,0,0,0,0,135434585.0
2023-07-12,0,0,0,0,136431915.0
2023-07-13,0,0,0,0,142287408.0
2023-07-14,0,0,0,0,142288553.0
2023-07-15,0,0,0,0,139644435.0
2023-07-16,0,0,0,0,139644202.0
2023-07-17,0,0,0,0,139645069.0
2023-07-18,0,0,0,0,140424988.0
2023-07-19,0,0,0,0,159185501.0
2023-07-20,0,0,0,0,154199651.0
2023-07-21,0,0,0,0,154304781.0
2023-07-22,0,0,0,0,154773961.0
2023-07-23,0,0,0,0,154772708.0
2023-07-24,0,0,0,0,154608331.0
2023-07-25,0,0,0,0,154818513.0
2023-07-26,0,0,0,0,156846755.0
2023-07-27,0,0,0,0,156711279.0
2023-07-28,0,0,0,0,164748588.0
2023-07-29,0,0,0,0,166990801.0
2023-07-30,0,0,0,0,166993562.0
2023-07-31,0,0,0,0,166964497.0
2023-08-01,0,0,0,0,167026531.0
2023-08-02,0,0,0,0,167559413.0
2023-08-03,0,0,0,0,167548803.0
2023-08-04,0,0,0,0,168203777.0
2023-08-05,0,0,0,0,168566252.0
2023-08-06,0,0,0,0,168512374.0
2023-08-07,0,0,0,0,168558361.0
2023-08-08,0,0,0,0,167618921.0
2023-08-09,0,0,0,0,163382860.0
2023-08-10,0,0,0,0,163386591.0
2023-08-11,0,0,0,0,169497080.0
2023-08-12,0,0,0,0,168712056.0
2023-08-13,0,0,0,0,168688420.0
2023-08-14,0,0,0,0,168712308.0
2023-08-15,0,0,0,0,167612664.0
2023-08-16,0,0,0,0,167114910.0
2023-08-17,0,0,0,0,166913696.0
2023-08-18,0,0,0,0,166489957.0
2023-08-19,0,0,0,0,160233317.0
2023-08-20,0,0,0,0,160070139.0
2023-08-21,0,0,0,0,160084494.0
2023-08-22,0,0,0,0,160088732.0
2023-08-23,0,0,0,0,158221261.0
2023-08-24,0,0,0,0,160062704.0
2023-08-25,0,0,0,0,159914723.0
2023-08-26,0,0,0,0,160900544.0
2023-08-27,0,0,0,0,160901166.0
2023-08-28,0,0,0,0,160871545.0
2023-08-29,0,0,0,0,162004909.0
2023-08-30,0,0,0,0,163907407.0
2023-08-31,0,0,0,0,163687064.0
2023-09-01,0,0,0,0,163710079.0
2023-09-02,0,0,0,0,165223246.0
2023-09-03,0,0,0,0,165200195.0
2023-09-04,0,0,0,0,165139802.0
2023-09-05,0,0,0,0,165232643.0
2023-09-06,0,0,0,0,165279279.0
2023-09-07,0,0,0,0,171085913.0
2023-09-08,0,0,0,0,170628708.0
2023-09-09,0,0,0,0,168642278.0
2023-09-10,0,0,0,0,168687226.0
2023-09-11,0,0,0,0,168799752.0
2023-09-12,0,0,0,0,170574321.0
2023-09-13,0,0,0,0,170511208.0
2023-09-14,0,0,0,0,170362253.0
2023-09-15,0,0,0,0,170546974.0
2023-09-16,0,0,0,0,170460664.0
2023-09-17,0,0,0,0,170374428.0
2023-09-18,0,0,0,0,170465145.0
2023-09-19,0,0,0,0,203218558.0
2023-09-20,0,0,0,0,203173996.0
2023-09-21,0,0,0,0,203851489.0
2023-09-22,0,0,0,0,203924069.0
2023-09-23,0,0,0,0,203472416.0
2023-09-24,0,0,0,0,203502867.0
2023-09-25,0,0,0,0,203705223.0
2023-09-26,0,0,0,0,203470528.0
2023-09-27,0,0,0,0,204416162.0
2023-09-28,0,0,0,0,206062079.0
2023-09-29,0,0,0,0,206739461.0
2023-09-30,0,0,0,0,210006085.0
2023-10-01,0,0,0,0,209906409.0
2023-10-02,0,0,0,0,210005534.0
2023-10-03,0,0,0,0,209894846.0
2023-10-04,0,0,0,0,210147143.0
2023-10-05,0,0,0,0,211646193.0
2023-10-06,0,0,0,0,211810111.0
2023-10-07,0,0,0,0,214506881.0
2023-10-08,0,0,0,0,214511121.0
2023-10-09,0,0,0,0,214518674.0
2023-10-10,0,0,0,0,215840344.0
2023-10-11,0,0,0,0,217117971.0
2023-10-12,0,0,0,0,217782968.0
2023-10-13,0,0,0,0,215651416.0
2023-10-14,0,0,0,0,211072947.0
2023-10-15,0,0,0,0,211065624.0
2023-10-16,0,0,0,0,210991027.0
2023-10-17,0,0,0,0,208234331.0
2023-10-18,0,0,0,0,208516645.0
2023-10-19,0,0,0,0,206966921.0
2023-10-20,0,0,0,0,207029772.0
2023-10-21,0,0,0,0,221480485.0
2023-10-22,0,0,0,0,221480485.0
2023-10-23,0,0,0,0,221450632.0
2023-10-24,0,0,0,0,219508566.0
2023-10-25,0,0,0,0,211628201.0
2023-10-26,0,0,0,0,211700455.0
2023-10-27,0,0,0,0,211699217.0
2023-10-28,0,0,0,0,214520774.0
2023-10-29,0,0,0,0,214499309.0
2023-10-30,0,0,0,0,214507946.0
2023-10-31,0,0,0,0,277323946.0
2023-11-01,0,0,0,0,251047954.0
2023-11-02,0,0,0,0,227856430.0
2023-11-03,0,0,0,0,255879465.0
2023-11-04,0,0,0,0,255767159.0
2023-11-05,0,0,0,0,255752791.0
2023-11-06,0,0,0,0,256829936.0
2023-11-07,0,0,0,0,256656546.0
2023-11-08,0,0,0,0,256825871.0
2023-11-09,0,0,0,0,257567768.0
2023-11-10,0,0,0,0,254483367.0
2023-11-11,0,0,0,0,254213816.0
2023-11-12,0,0,0,0,254331100.0
2023-11-13,0,0,0,0,254236702.0
2023-11-14,0,0,0,0,252751091.0
2023-11-15,0,0,0,0,252424961.0
2023-11-16,0,0,0,0,252578452.0
2023-11-17,0,0,0,0,254279682.0
2023-11-18,0,0,0,0,254399173.0
2023-11-19,0,0,0,0,254265047.0
2023-11-20,0,0,0,0,254390473.0
2023-11-21,0,0,0,0,253020408.0
2023-11-22,0,0,0,0,252864056.0
2023-11-23,0,0,0,0,252637631.0
2023-11-24,0,0,0,0,252704732.0
2023-11-25,0,0,0,0,250794880.0
2023-11-26,0,0,0,0,250937263.0
2023-11-27,0,0,0,0,250856020.0
2023-11-28,0,0,0,0,254396656.0
2023-11-29,0,0,0,0,251586086.0
2023-11-30,0,0,0,0,251897658.0
2023-12-01,0,0,0,0,252029733.0
2023-12-02,0,0,0,0,252188197.0
2023-12-03,0,0,0,0,252317902.0
2023-12-04,0,0,0,0,250351443.0
2023-12-05,0,0,0,0,250336979.0
2023-12-06,0,0,0,0,239888923.0
2023-12-07,0,0,0,0,239946768.0
2023-12-08,0,0,0,0,239487777.0
2023-12-09,0,0,0,0,239268200.0
2023-12-10,0,0,0,0,237452967.0
2023-12-11,0,0,0,0,237515818.0
2023-12-12,0,0,0,0,238191826.0
2023-12-13,0,0,0,0,235037197.0
2023-12-14,0,0,0,0,234316134.0
2023-12-15,0,0,0,0,234379588.0
2023-12-16,0,0,0,0,227648428.0
2023-12-17,0,0,0,0,227901345.0
2023-12-18,0,0,0,0,227867776.0
2023-12-19,0,0,0,0,227921672.0
2023-12-20,0,0,0,0,224852829.0
2023-12-21,0,0,0,0,252942131.0
2023-12-22,0,0,0,0,250292921.0
2023-12-23,0,0,0,0,250556103.0
2023-12-24,0,0,0,0,250739530.0
2023-12-25,0,0,0,0,250770607.0
2023-12-26,0,0,0,0,250827849.0
2023-12-27,0,0,0,0,250462141.0
2023-12-28,0,0,0,0,251927610.0
2023-12-29,0,0,0,0,252202554.0
2023-12-30,0,0,0,0,250872172.0
2023-12-31,0,0,0,0,250653920.0
2024-01-01,0,0,0,0,243486953.0
2024-01-02,0,0,0,0,243992089.0
2024-01-03,0,0,0,0,238890123.0
2024-01-04,0,0,0,0,237038864.0
2024-01-05,0,0,0,0,238058252.0
2024-01-06,0,0,0,0,237981531.0
2024-01-07,0,0,0,0,238003078.0
2024-01-08,0,0,0,0,238137303.0
2024-01-09,0,0,0,0,232462344.0
2024-01-10,0,0,0,0,232739666.0
2024-01-11,0,0,0,0,230990136.0
2024-01-12,0,0,0,0,231014731.0
2024-01-13,0,0,0,0,230821952.0
2024-01-14,0,0,0,0,231274142.0
2024-01-15,0,0,0,0,231301322.0
2024-01-16,0,0,0,0,231094436.0
2024-01-17,0,0,0,0,231177477.0
2024-01-18,0,0,0,0,230796492.0
2024-01-19,0,0,0,0,230834304.0
2024-01-20,0,0,0,0,233090177.0
2024-01-21,0,0,0,0,233182749.0
2024-01-22,0,0,0,0,233196548.0
2024-01-23,0,0,0,0,231900314.0
2024-01-24,0,0,0,0,238860149.0
2024-01-25,0,0,0,0,236725581.0
2024-01-26,0,0,0,0,235312880.0
2024-01-27,0,0,0,0,235795084.0
2024-01-28,0,0,0,0,234269657.0
2024-01-29,0,0,0,0,235857439.0
2024-01-30,0,0,0,0,266091593.0
2024-01-31,0,0,0,0,235567405.0
2024-02-01,0,0,0,0,234426643.0
2024-02-02,0,0,0,0,233519181.0
2024-02-03,0,0,0,0,233004847.0
2024-02-04,0,0,0,0,232940048.0
2024-02-05,0,0,0,0,233130894.0
2024-02-06,0,0,0,0,233079643.0
2024-02-07,0,0,0,0,231974485.0
2024-02-08,0,0,0,0,231277412.0
2024-02-09,0,0,0,0,230944178.0
2024-02-10,0,0,0,0,230921912.0
2024-02-11,0,0,0,0,231170555.0
2024-02-12,0,0,0,0,231055475.0
2024-02-13,0,0,0,0,231457437.0
2024-02-14,0,0,0,0,231218716.0
2024-02-15,0,0,0,0,240753944.0
2024-02-16,0,0,0,0,240238456.0
2024-02-17,0,0,0,0,236891263.0
2024-02-18,0,0,0,0,236524464.0
2024-02-19,0,0,0,0,236677311.0
2024-02-20,0,0,0,0,236671882.0
2024-02-21,0,0,0,0,235479744.0
2024-02-22,0,0,0,0,235128045.0
2024-02-23,0,0,0,0,231939393.0
2024-02-24,0,0,0,0,233402815.0
2024-02-25,0,0,0,0,238536377.0
2024-02-26,0,0,0,0,238712350.0
2024-02-27,0,0,0,0,240206291.0
2024-02-28,0,0,0,0,233637635.0
2024-02-29,0,0,0,0,231481212.0
2024-03-01,0,0,0,0,231885181.0
2024-03-02,0,0,0,0,230820263.0
2024-03-03,0,0,0,0,230458551.0
2024-03-04,0,0,0,0,230883936.0
2024-03-05,0,0,0,0,234512633.0
2024-03-06,0,0,0,0,234167226.0
2024-03-07,0,0,0,0,233823904.0
2024-03-08,38339565.0,0,0,0,228611444.0
2024-03-09,0,0,0,0,234104159.0
2024-03-10,0,0,0,0,233668672.0
2024-03-11,0,0,0,0,233172045.0
2024-03-12,44363002.0,0,0,0,233865450.0
2024-03-13,44369524.0,0,0,0,251223627.0
2024-03-14,26858403.0,0,0,0,251622483.0
2024-03-15,26861481.0,0,0,0,251922456.0
2024-03-16,0,0,0,0,250672961.0
2024-03-17,0,0,0,0,251755973.0
2024-03-18,0,0,0,0,250817756.0
2024-03-19,31881339.0,0,0,0,252873699.0
2024-03-20,31886018.0,0,0,0,253265672.0
2024-03-21,31890680.0,0,0,0,253228120.0
2024-03-22,31895365.0,0,0,0,249821078.0
2024-03-23,0,0,0,0,251773610.0
2024-03-24,0,0,0,0,251170428.0
2024-03-25,0,0,0,0,246373870.0
2024-03-26,22806399.0,0,0,0,245879496.0
2024-03-27,73309352.0,0,0,0,246544907.0
2024-03-28,83429654.0,0,0,0,269031343.0
2024-03-29,0,0,0,0,270210995.0
2024-03-30,0,0,0,0,271261988.0
2024-03-31,0,0,0,0,269381181.0
2024-04-01,0,0,0,0,269431305.0
2024-04-02,86491045.0,0,0,0,269378887.0
2024-04-03,86503730.0,0,0,0,269984347.0
2024-04-04,86516415.0,0,0,0,269013003.0
2024-04-05,86529126.0,0,0,0,271161794.0
2024-04-06,0,0,0,0,306453731.0
2024-04-07,0,0,0,0,306979468.0
2024-04-08,0,0,0,0,306886078.0
2024-04-09,86579960.0,0,0,0,307058956.0
2024-04-10,86592684.0,0,0,0,328006006.0
2024-04-11,86605403.0,0,0,0,343736037.0
2024-04-12,86618131.0,0,0,0,343744676.0
2024-04-13,0,0,0,0,350079026.0
2024-04-14,0,0,0,0,353263476.0
2024-04-15,0,0,0,0,351020187.0
2024-04-16,99342190.0,0,0,0,350075977.0
2024-04-17,99356789.0,0,0,0,349336870.0
2024-04-18,99471412.0,0,0,0,348620878.0
2024-04-19,99486035.0,0,0,0,349922792.0
2024-04-20,0,0,0,0,348890633.0
2024-04-21,0,0,0,0,349712079.0
2024-04-22,0,0,0,0,349348864.0
2024-04-23,101828917.0,0,0,0,350149031.0
2024-04-24,93722913.0,0,0,0,350278336.0
2024-04-25,93736806.0,0,0,0,349819346.0
2024-04-26,95725919.0,0,0,0,349786293.0
2024-04-27,0,0,0,0,394355421.0
2024-04-28,0,0,0,0,395687445.0
2024-04-29,0,0,0,0,393802322.0
2024-04-30,96032146.0,0,0,0,402649581.0
2024-05-01,96046267.0,0,0,0,398776650.0
2024-05-02,96060388.0,0,0,0,406616083.0
2024-05-03,85909854.0,0,0,0,425087847.0
2024-05-04,0,0,0,0,424071897.0
2024-05-05,0,0,0,0,420242090.0
2024-05-06,0,0,0,0,422385284.0
2024-05-07,85960464.0,0,0,0,423383059.0
2024-05-08,85973099.0,0,0,0,423861881.0
2024-05-09,85985734.0,0,0,0,424168967.0
2024-05-10,85998378.0,0,0,0,423397102.0
2024-05-11,0,0,0,0,422040429.0
2024-05-12,0,0,0,0,422646289.0
2024-05-13,0,0,0,0,423036750.0
2024-05-14,103048929.0,0,0,0,423070303.0
2024-05-15,104281410.0,0,0,0,468014673.0
2024-05-16,107296720.0,0,0,0,468153455.0
2024-05-17,99755573.0,0,0,0,467074815.0
2024-05-18,0,0,0,0,479473280.0
2024-05-19,0,0,0,0,479535746.0
2024-05-20,0,0,0,0,480534679.0
2024-05-21,115536924.0,0,0,0,499668644.0
2024-05-22,115553952.0,0,0,0,484277710.0
2024-05-23,114316398.0,0,0,0,490277093.0
2024-05-24,111274394.0,0,0,0,498532789.0
2024-05-25,0,0,0,0,528448292.0
2024-05-26,0,0,0,0,530422867.0
2024-05-27,0,0,0,0,531425839.0
2024-05-28,0,0,0,0,530834895.0
2024-05-29,111356190.0,0,0,0,539160862.0
2024-05-30,111372560.0,0,0,0,533591500.0
2024-05-31,111388919.0,0,0,0,537008263.0
2024-06-01,0,0,0,0,535381738.0
2024-06-02,0,0,0,0,535593359.0
2024-06-03,0,0,0,0,535413687.0
2024-06-04,114171048.0,0,0,0,540700284.0
2024-06-05,133690008.0,0,0,0,577459398.0
2024-06-06,133709628.0,0,0,0,573993118.0
2024-06-07,133729248.0,0,0,0,591427991.0
2024-06-08,0,0,0,0,627251122.0
2024-06-09,0,0,0,0,628417962.0
2024-06-10,0,0,0,0,628234344.0
2024-06-11,133807755.0,0,0,0,630251160.0
2024-06-12,133827401.0,0,0,0,96496937.0
2024-06-13,133848234.0,0,0,0,97353889.0
2024-06-14,133867881.0,0,0,0,654126086.0
2024-06-15,0,0,0,0,105624109.0
2024-06-16,0,0,0,0,655373192.0
2024-06-17,0,0,0,0,652998839.0
2024-06-18,128829678.0,0,0,0,652101315.0
2024-06-19,0,0,0,0,656754363.0
2024-06-20,0,0,0,0,657587083.0
2024-06-21,128886530.0,0,0,0,658277269.0
2024-06-22,0,0,0,0,661453954.0
2024-06-23,0,0,0,0,662032572.0
2024-06-24,0,0,0,0,113966814.0
2024-06-25,128962126.0,0,0,0,666385576.0
2024-06-26,121479183.0,0,0,0,662000723.0
2024-06-27,121496944.0,0,0,0,666369845.0
2024-06-28,121514729.0,0,0,0,664830915.0
2024-06-29,0,0,0,0,666118151.0
2024-06-30,0,0,0,0,666184844.0
2024-07-01,0,0,0,0,666388633.0
2024-07-02,102552282.0,0,0,0,671083693.0
2024-07-03,102567313.0,0,0,0,678124035.0
2024-07-04,0,0,0,0,682075448.0
2024-07-05,0,0,0,0,680507862.0
2024-07-06,491830738.0,0,0,0,681284693.0
2024-07-07,491830738.0,0,0,0,681865303.0
2024-07-08,491830738.0,0,0,0,681360536.0
2024-07-09,606474796.0,0,1016616687.0,0,683973969.0
2024-07-10,605366575.0,0,1016991381.0,0,684027964.0
2024-07-11,598943892.0,0,1021023000.0,0,693355617.0
2024-07-12,609571351.0,0,1040182587.0,0,699462618.0
2024-07-13,524664654.0,0,1036299087.0,0,707243185.0
2024-07-14,524573852.0,0,1035607264.0,0,709186221.0
2024-07-15,525392645.0,0,1042357116.0,0,710944550.0
2024-07-16,614826717.0,0,1041410768.0,0,717807028.0
2024-07-17,599145040.0,0,1060820347.0,0,721990636.0
2024-07-18,600763296.0,0,1057450859.0,0,728188139.0
2024-07-19,600775239.0,0,1052420031.0,0,728396121.0
2024-07-20,526832780.0,0,1036125206.0,0,739687291.0
2024-07-21,526720038.0,0,1036313462.0,0,744155699.0
2024-07-22,526753755.0,0,1037887750.0,0,748955679.0
2024-07-23,609685484.0,0,1035989261.0,0,749084888.0
2024-07-24,609052653.0,0,1041330522.0,0,750153783.0
2024-07-25,609069352.0,0,1037373571.0,0,752869904.0
2024-07-26,609193698.0,0,1025683768.0,0,743725543.0
2024-07-27,508310859.0,0,1035605117.0,0,706514852.0
2024-07-28,507873574.0,0,1034331724.0,0,717684882.0
2024-07-29,508978989.0,0,1039312098.0,0,725614883.0
2024-07-30,607354854.0,0,1034319553.0,0,735430490.0
2024-07-31,607896253.0,0,1044591418.0,0,740943718.0
2024-08-01,609899323.0,0,1058788336.0,0,741670655.0
2024-08-02,619952578.0,0,1058802870.0,0,746123538.0
2024-08-03,619679994.0,0,1063861849.0,0,746273951.0
2024-08-04,619974345.0,0,1064623207.0,0,749123403.0
2024-08-05,619939369.0,0,1063027279.0,0,749699008.0
2024-08-06,597469988.0,0,1042538782.0,0,743652760.0
2024-08-07,591385798.0,0,1035798510.0,0,734748520.0
2024-08-08,599407038.0,0,1034932380.0,0,734620016.0
2024-08-09,602074200.0,0,1057512439.0,0,740111193.0
2024-08-10,607348785.0,0,1056475230.0,0,745829221.0
2024-08-11,607166888.0,0,1054920289.0,0,749530028.0
2024-08-12,607184139.0,0,1052799847.0,0,750936740.0
2024-08-13,651221854.0,0,1071153588.0,0,752252244.0
2024-08-14,650542150.0,0,1069312949.0,0,753023437.0
2024-08-15,655052690.0,0,1064364620.0,0,754713103.0
2024-08-16,654292920.0,0,1070260456.0,0,746755968.0
2024-08-17,641661805.0,0,1086104530.0,0,749186802.0
2024-08-18,641466483.0,0,1090512282.0,0,749467727.0
2024-08-19,641500614.0,0,1090211543.0,0,751099577.0
2024-08-20,641256281.0,0,1088576421.0,0,750902852.0
2024-08-21,641300968.0,0,1094183377.0,0,754688023.0
2024-08-22,643641490.0,0,1093046967.0,0,760078133.0
2024-08-23,646995316.0,0,1083158165.0,0,763092651.0
2024-08-24,647623785.0,0,1096731540.0,0,791589998.0
2024-08-25,647496702.0,0,1094439277.0,0,791259365.0
2024-08-26,647436797.0,0,1095491374.0,0,793674688.0
2024-08-27,655095732.0,0,1092086810.0,0,799211905.0
2024-08-28,679620791.0,0,1092766312.0,0,817358335.0
2024-08-29,677518637.0,0,1095278475.0,0,830968884.0
2024-08-30,682610515.0,0,1096612040.0,0,839240143.0
2024-08-31,683894981.0,0,1089048222.0,0,841407905.0
2024-09-01,683626351.0,0,1087949887.0,0,843213007.0
2024-09-02,683523402.0,0,1090274177.0,0,845493862.0
2024-09-03,696812134.0,0,1089957069.0,0,848403332.0
2024-09-04,710822156.0,0,1085084018.0,0,853735366.0
2024-09-05,717565037.0,0,1085718021.0,0,851989781.0
2024-09-06,715709444.0,0,1094212678.0,0,852454748.0
2024-09-07,715438952.0,0,1087873301.0,0,862410368.0
2024-09-08,715797204.0,0,1085856132.0,0,863249571.0
2024-09-09,716530864.0,0,1089097606.0,0,865507575.0
2024-09-10,701747213.0,0,1097621464.0,0,867716607.0
2024-09-11,702784409.0,0,1101085813.0,0,871459155.0
2024-09-12,704139680.0,0,1095681795.0,0,872375947.0
2024-09-13,708262193.0,0,1115896229.0,0,872163775.0
2024-09-14,708650291.0,0,1128929917.0,0,871933933.0
2024-09-15,708803189.0,0,1126475889.0,0,877577752.0
2024-09-16,708643375.0,0,1126367612.0,0,882231713.0
2024-09-17,709213078.0,0,1126930142.0,0,884239695.0
2024-09-18,712449075.0,0,1122939553.0,0,886762314.0
2024-09-19,715149027.0,0,1124357767.0,0,887617688.0
2024-09-20,715342062.0,0,1134150043.0,0,884953073.0
2024-09-21,716965799.0,0,1148977018.0,0,890486112.0
2024-09-22,717028471.0,0,1148396757.0,0,892256195.0
2024-09-23,717316829.0,0,1145437423.0,0,894989062.0
2024-09-24,718629665.0,0,1148490860.0,0,897176200.0
2024-09-25,720254529.0,0,1162364324.0,0,898787628.0
2024-09-26,720065526.0,0,1161086204.0,0,898939451.0
2024-09-27,711889935.0,0,1166368700.0,0,910882499.0
2024-09-28,711926128.0,0,1162990448.0,0,912500218.0
2024-09-29,712051364.0,0,1164491709.0,0,917644746.0
2024-09-30,712024463.0,0,1164135036.0,0,920007238.0
2024-10-01,717647949.0,0,1153318341.0,0,919360740.0
2024-10-02,720430287.0,0,1166481804.0,0,949890191.0
2024-10-03,714565451.0,0,1166052534.0,0,950112462.0
2024-10-04,726829585.0,0,1168144575.0,0,961612929.0
2024-10-05,744052171.0,0,1164012983.0,0,963051423.0
2024-10-06,744115819.0,0,1166406789.0,0,964478105.0
2024-10-07,744347052.0,0,1166797187.0,0,956601878.0
2024-10-08,729547441.0,0,1165235466.0,0,959744807.0
2024-10-09,736503172.0,0,1155098115.0,0,961278037.0
2024-10-10,735235389.0,0,1150955522.0,0,964354347.0
2024-10-11,747462805.0,0,1160227998.0,0,968481423.0
2024-10-12,764587920.0,0,1172455791.0,0,976817950.0
2024-10-13,765173923.0,0,1172159067.0,0,973973011.0
2024-10-14,764845867.0,0,1170212128.0,0,973926765.0
2024-10-15,764235394.0,0,1170937861.0,0,983065281.0
2024-10-16,773791608.0,0,1172883788.0,0,984925171.0
2024-10-17,780100424.0,0,1180039629.0,0,987825357.0
2024-10-18,772849901.0,0,1188296355.0,0,984745578.0
2024-10-19,779709937.0,0,1201653849.0,0,1007061052.0
2024-10-20,779595666.0,0,1201929938.0,0,1006457681.0
2024-10-21,780636098.0,0,1205024306.0,0,1008420355.0
2024-10-22,779196181.0,0,1207923661.0,0,1022565364.0
2024-10-23,779000520.0,0,1221076118.0,0,1035638323.0
2024-10-24,760082643.0,0,1212308176.0,0,1027456584.0
2024-10-25,757677648.0,0,1219429854.0,0,1028161108.0
2024-10-26,748109415.0,0,1220786619.0,0,1030237630.0
2024-10-27,747144356.0,0,1221446491.0,0,1030390268.0
2024-10-28,747208747.0,0,1216433207.0,0,1038558656.0
2024-10-29,752618344.0,0,1219520433.0,0,1038940103.0
2024-10-30,753689378.0,0,1223852154.0,0,1039281127.0
2024-10-31,744799088.0,0,1235495707.0,0,1041889807.0
2024-11-01,745795606.0,0,1218189522.0,0,1024227951.0
2024-11-02,754433430.0,0,1217591083.0,0,1029193025.0
2024-11-03,754119540.0,0,1218095351.0,0,1028451961.0
2024-11-04,754438332.0,0,1218065709.0,0,1027103239.0
2024-11-05,751954907.0,0,1218417373.0,0,1022623941.0
2024-11-06,739152505.0,0,1219143219.0,0,1029221554.0
2024-11-07,730754462.0,0,1186548756.0,0,1024256673.0
2024-11-08,731737066.0,0,1204489459.0,0,1023553298.0
2024-11-09,731615332.0,0,1192578557.0,0,1024679802.0
2024-11-10,731886348.0,0,1186878102.0,0,1026719582.0
2024-11-11,732093300.0,0,1186026871.0,0,1028395965.0
2024-11-12,734829641.0,0,1166091353.0,0,1045662405.0
2024-11-13,738236176.0,0,1144682400.0,0,1034638846.0
2024-11-14,734433849.0,0,1144056498.0,0,387477327.0
2024-11-15,705662008.0,0,1137134423.0,0,393032150.0
2024-11-16,674507739.0,0,1142397006.0,0,397603630.0
2024-11-17,674792063.0,0,1134940385.0,0,399871519.0
2024-11-18,675605865.0,0,1140658384.0,0,405793513.0
2024-11-19,761739999.0,0,1160698611.0,0,416368178.0
2024-11-20,757142102.0,0,1171243791.0,0,433793999.0
2024-11-21,755544142.0,0,1181610068.0,0,442268899.0
2024-11-22,755846471.0,0,1188438537.0,0,1091047707.0
2024-11-23,754526181.0,0,1207546669.0,0,1115320068.0
2024-11-24,754792932.0,0,1210558199.0,0,1114851363.0
2024-11-25,754377615.0,0,1213142592.0,0,1110524161.0
2024-11-26,745701888.0,0,1168330540.0,0,1135763651.0
2024-11-27,742304624.0,0,1172464486.0,0,1129411496.0
2024-11-28,749955496.0,0,1178708373.0,0,1130947425.0
2024-11-29,750307194.0,0,1173255185.0,0,1149458979.0
2024-11-30,750743322.0,0,1179588172.0,0,1153741894.0
2024-12-01,750601022.0,0,1178730738.0,0,1164204606.0
2024-12-02,751451860.0,0,1182120048.0,0,1178347965.0
2024-12-03,759951231.0,0,1173735205.0,0,1186365454.0
2024-12-04,771432225.0,0,1177295932.0,0,1199695691.0
2024-12-05,765432010.0,0,1175266359.0,0,1191647720.0
2024-12-06,744050898.0,0,1172756982.0,0,1200058777.0
2024-12-07,745545364.0,0,1170041628.0,0,1230695844.0
2024-12-08,745891970.0,0,1173793575.0,0,1274878281.0
2024-12-09,746600817.0,0,1172983476.0,0,1347682557.0
2024-12-10,753893779.0,0,1185494113.0,0,1366807828.0
2024-12-11,778747910.0,0,1194441724.0,0,1409855454.0
2024-12-12,788317228.0,0,1208377192.0,0,1487751944.0
2024-12-13,787642489.0,0,1194270252.0,0,1526729833.0
2024-12-14,788006384.0,0,1184070640.0,0,1538680481.0
2024-12-15,788017157.0,0,1182310050.0,0,1543148820.0
2024-12-16,787950259.0,0,1179446719.0,0,1552881162.0
2024-12-17,771797418.0,0,1184684196.0,0,1617263555.0
2024-12-18,772863951.0,0,1183930136.0,0,1636402261.0
2024-12-19,772933209.0,0,1160587413.0,0,1782339935.0
2024-12-20,777845084.0,0,1156685407.0,0,1987729013.0
2024-12-21,759011652.0,0,1170996462.0,0,2148482878.0
2024-12-22,757037982.0,0,1168803869.0,0,2170821719.0
2024-12-23,759178331.0,0,1170894322.0,0,2185762569.0
2024-12-24,765384429.0,0,1167358404.0,0,2224696203.0
2024-12-25,726512470.0,0,1167807805.0,0,2326728650.0
2024-12-26,727150101.0,0,1171014266.0,0,2390210505.0
2024-12-27,727562431.0,0,1177333856.0,0,2463066585.0
2024-12-28,728669357.0,0,1170237180.0,0,2522550541.0
2024-12-29,729529762.0,0,1174781688.0,0,2533808392.0
2024-12-30,728908555.0,0,1173706304.0,0,2544266586.0
2024-12-31,729695602.0,0,1165462641.0,0,2514709751.0
2025-01-01,753768249.0,0,1168762577.0,0,2380175236.0
2025-01-02,754484754.0,0,1170759620.0,0,2421708783.0
2025-01-03,755883271.0,0,1181393272.0,0,2485339526.0
2025-01-04,763334854.0,0,1177745934.0,0,2518926529.0
2025-01-05,763640121.0,0,1178261025.0,0,2555809693.0
2025-01-06,764259002.0,0,1177693821.0,0,2587290698.0
2025-01-07,765361361.0,0,1180366086.0,0,2607472559.0
2025-01-08,771191589.0,0,1179553222.0,0,2599985149.0
2025-01-09,768667241.0,0,1179264844.0,0,2523984582.0
2025-01-10,849014847.0,0,1185773975.0,0,2393716348.0
2025-01-11,836507158.0,0,1192910956.0,0,2323099109.0
2025-01-12,836605221.0,0,1194802854.0,0,2291849621.0
2025-01-13,836482639.0,0,1196036915.0,0,2280789215.0
2025-01-14,835872537.0,0,1182399985.0,0,2282040480.0
2025-01-15,843102044.0,0,1184936339.0,0,2269745507.0
2025-01-16,843960890.0,0,1199904331.0,0,2157413572.0
2025-01-17,845304062.0,0,1207943627.0,0,2147966303.0
2025-01-18,845492772.0,0,1207211439.0,0,2143056703.0
2025-01-19,845493530.0,0,1203977579.0,0,2136977404.0
2025-01-20,845122684.0,0,1194688244.0,0,1992657025.0
2025-01-21,847091167.0,0,1206238396.0,0,1950708220.0
2025-01-22,691318566.0,0,1227053062.0,0,1932969445.0
2025-01-23,849125169.0,0,1237840273.0,0,1929442831.0
2025-01-24,856451049.0,0,1233849899.0,0,1921414638.0
2025-01-25,857836785.0,0,1239916614.0,0,1932799738.0
2025-01-26,857836785.0,0,1243605517.0,0,1934273393.0
2025-01-27,857652550.0,0,1239851657.0,0,1925093789.0
2025-01-28,857926680.0,0,1221942760.0,0,1903610861.0
2025-01-29,836038748.0,0,1239019138.0,0,1894612025.0
2025-01-30,832946307.0,0,1236619722.0,0,1886484527.0
2025-01-31,833738737.0,0,1252099986.0,0,1893563327.0
2025-02-01,844903769.0,0,1256670909.0,0,1926669270.0
2025-02-02,851900265.0,0,1261079902.0,0,1959264747.0
2025-02-03,850607532.0,0,1254828266.0,0,1957016056.0
2025-02-04,852583070.0,0,1265968229.0,0,1936485721.0
2025-02-05,856772155.0,0,1281632757.0,0,1952955380.0
2025-02-06,854768050.0,0,1304335898.0,0,1947217337.0
2025-02-07,856791310.0,0,1296117767.0,0,1944079055.0
2025-02-08,857579186.0,0,1298501170.0,0,1944325431.0
2025-02-09,860482914.0,0,1299173056.0,0,1941175668.0
2025-02-10,860302839.0,0,1301802522.0,0,1942188320.0
2025-02-11,859482233.0,0,1326949899.0,0,1931099217.0
2025-02-12,860990592.0,0,1317997574.0,0,1930401034.0
2025-02-13,868035431.0,0,1312398276.0,0,1927537740.0
2025-02-14,875435923.0,0,1328863754.0,0,1940875620.0
2025-02-15,877991983.0,0,1311185482.0,0,1932466722.0
2025-02-16,877991983.0,0,1309834354.0,0,1930744954.0
2025-02-17,877991983.0,0,1308322687.0,0,1927914045.0
2025-02-18,877425215.0,0,1314095075.0,0,1930148202.0
2025-02-19,879146113.0,0,1330051550.0,0,2014451055.0
2025-02-20,899520518.0,0,1333600642.0,0,2033969227.0
2025-02-21,885279753.0,0,1336851619.0,0,2092036321.0
2025-02-22,891395578.0,0,1335724871.0,0,2086508551.0
2025-02-23,891297372.0,0,1337387524.0,0,2082626937.0
2025-02-24,891261024.0,0,1340058095.0,0,2082862134.0
2025-02-25,887896576.0,0,1348669989.0,0,2080981439.0
2025-02-26,918574514.0,0,1330563832.0,0,2019019201.0
2025-02-27,900062930.0,0,1331387008.0,0,2091975869.0
2025-02-28,905132216.0,0,1312535796.0,0,2140160603.0
2025-03-01,878663488.0,0,1301758920.0,0,2110439548.0
2025-03-02,878663488.0,0,1300413666.0,0,2141706813.0
2025-03-03,873998413.0,0,1304364789.0,0,2138566072.0
2025-03-04,900363690.0,0,1316367344.0,0,2141392708.0
2025-03-05,891940670.0,0,1330283233.0,0,2156225324.0
2025-03-06,910908888.0,0,1331991257.0,0,2124970709.0
2025-03-07,919165491.0,0,1326994229.0,0,2099511574.0
2025-03-08,916031787.0,0,1327644705.0,0,2216336810.0
2025-03-09,919673230.0,0,1331957796.0,0,2207287945.0
2025-03-10,920726322.0,0,1331063238.0,0,2197878039.0
2025-03-11,926396565.0,0,1319071572.0,0,2172531276.0
2025-03-12,979369318.0,0,1331821496.0,0,2257489054.0
2025-03-13,1070701571.0,0,1340818450.0,0,2444715119.0
2025-03-14,1283974517.0,0,1367956482.0,0,2442406022.0
2025-03-15,1522588142.0,0,1368021630.0,0,2679683591.0
2025-03-16,1522588142.0,0,1368822524.0,0,2678559658.0
2025-03-17,1522588142.0,0,1370600916.0,0,2678128924.0
2025-03-18,1528800299.0,0,1378238283.0,0,2659622196.0
2025-03-19,1533873031.0,0,1399821311.0,0,2831962663.0
2025-03-20,1582782678.0,0,1404501525.0,0,2897359705.0
2025-03-21,1591549076.0,0,1406206132.0,0,2969156759.0
2025-03-22,1792516980.0,0,1396874537.0,0,2987522516.0
2025-03-23,1792517470.0,0,1400221453.0,0,2979812155.0
2025-03-24,1792199661.0,37529973.0,1400149651.0,0,2973020140.0
2025-03-25,2026833504.0,37526407.0,1393946767.0,0,2985845723.0
2025-03-26,2257903286.0,36421177.0,1402697467.0,0,3222852365.0
2025-03-27,2264267566.0,36419975.0,1402252386.0,0,3207459566.0
2025-03-28,2278732032.0,36421906.0,1418266135.0,0,3186318144.0
2025-03-29,2272418007.0,36423982.0,1438120740.0,0,3148333718.0
2025-03-30,2272418007.0,36423654.0,1446699829.0,0,3138497777.0
2025-03-31,2273698723.0,36424492.0,1444200053.0,0,3138504609.0
2025-04-01,2260283542.0,36475381.0,1466170937.0,0,3134440282.0
2025-04-02,2265263564.0,36475563.0,1459028115.0,0,3119125843.0
2025-04-03,2272043312.0,36491513.0,1485340775.0,0,3096056569.0
2025-04-04,2296495544.0,36489931.0,1459844277.0,0,3087203606.0
2025-04-05,2318248052.0,36490260.0,1429557840.0,0,3068377599.0
2025-04-06,2318248052.0,36491537.0,1431621511.0,0,3061596233.0
2025-04-07,2318247255.0,36495300.0,1403648853.0,0,3031887208.0
2025-04-08,2372615657.0,86505135.0,1410347785.0,0,3067973938.0
2025-04-09,2461179921.0,136501347.0,1408828034.0,0,3120142328.0
2025-04-10,2624375863.0,136506398.0,1459111611.0,0,3128335184.0
2025-04-11,2773578874.0,136511313.0,1515072729.0,0,3099451853.0
2025-04-12,2904604494.0,136517866.0,1538136811.0,0,3091946028.0
2025-04-13,2904604494.0,136516501.0,1529882073.0,0,3082749526.0
2025-04-14,2904285294.0,136513771.0,1529740427.0,0,3079537008.0
2025-04-15,2949128282.0,136514863.0,1532694092.0,0,3092838543.0
2025-04-16,2973302268.0,137796615.0,1556567413.0,0,3123858711.0
2025-04-17,2989034334.0,187573646.0,1602918578.0,0,3141686880.0
2025-04-18,2992261913.0,236661223.0,1594118375.0,0,3187336451.0
2025-04-19,2991572199.0,236649389.0,1598303624.0,0,3176645482.0
2025-04-20,2991572199.0,236659569.0,1596471592.0,0,3174988709.0
2025-04-21,2992735700.0,236658149.0,1607258964.0,0,3180382237.0
2025-04-22,3025788963.0,236649392.0,1649649603.0,0,3156824650.0
2025-04-23,3161512375.0,236681891.0,1613197246.0,0,3179204965.0
2025-04-24,3210147856.0,236791758.0,1607618764.0,0,3177903230.0
2025-04-25,3211038495.0,236785838.0,1626730607.0,0,3171135912.0
2025-04-26,3240115153.0,236912719.0,1604313439.0,0,3169830964.0
2025-04-27,3240115153.0,236900163.0,1604329275.0,0,3173099800.0
2025-04-28,3238142826.0,236889502.0,1602674150.0,0,3175194612.0
2025-04-29,3226947554.0,236904664.0,1613846388.0,0,3161753838.0
2025-04-30,3235468686.0,236909640.0,1604948909.0,0,3146092118.0
2025-05-01,3406486155.0,236890153.0,1584372545.0,0,3128024237.0
2025-05-02,3548162873.0,236993498.0,1574001877.0,0,3157042587.0
2025-05-03,3562381996.0,237054172.0,1575970687.0,0,3176499837.0
2025-05-04,3561635796.0,237052749.0,1578358579.0,0,3177135248.0
2025-05-05,3561635796.0,237063417.0,1580053696.0,0,3177145627.0
2025-05-06,3563882210.0,237065830.0,1625451024.0,0,3231944172.0
2025-05-07,3577501987.0,337176451.0,1649898055.0,0,3331550781.0
2025-05-08,3553190088.0,437189831.0,1635967822.0,0,3457515811.0
2025-05-09,3552155968.0,437254590.0,1605163446.0,0,3489910486.0
2025-05-10,3606070422.0,437785555.0,1612783385.0,0,3514159090.0
2025-05-11,3605315310.0,437807884.0,1607499333.0,0,3506065201.0
2025-05-12,3605315310.0,437791247.0,1590611867.0,0,3504849226.0
2025-05-13,3593304469.0,438453089.0,1567561312.0,0,3506941932.0
2025-05-14,3610475717.0,438480477.0,1570935159.0,0,3498432566.0
2025-05-15,3593725462.0,441639616.0,1545334620.0,0,3496061798.0
2025-05-16,3621740794.0,441624407.0,1571745810.0,0,3516736784.0
2025-05-17,3634125116.0,441677436.0,1558558822.0,0,3533087372.0
2025-05-18,3634201279.0,441676553.0,1559080077.0,0,3543715045.0
2025-05-19,3635931740.0,441663743.0,1576672616.0,0,3538748126.0
2025-05-20,3652105567.0,440798036.0,1566088970.0,0,3538657450.0
2025-05-21,3687322470.0,440643851.0,1601718521.0,0,3568720970.0
2025-05-22,3693809673.0,440941030.0,1615136989.0,0,3567197515.0
2025-05-23,3711304429.0,440990485.0,1607555209.0,0,3558107992.0
2025-05-24,3728843903.0,440984751.0,1631992850.0,0,3549050730.0
2025-05-25,3728498199.0,440987569.0,1632460143.0,0,3553792276.0
2025-05-26,3727823148.0,440987128.0,1624847218.0,0,3547593537.0
2025-05-27,3730569967.0,440985364.0,1629650357.0,0,3547010095.0
2025-05-28,3713834094.0,441207041.0,1611670126.0,0,3547039683.0
2025-05-29,3709019437.0,441266870.0,1590654303.0,0,3549402422.0
2025-05-30,3712296627.0,441318506.0,1614004441.0,0,3573600178.0
2025-05-31,3711115433.0,441391682.0,1603707302.0,0,3571828874.0
2025-06-01,3711226735.0,441371817.0,1601412962.0,0,3568669133.0
2025-06-02,3712946488.0,441373582.0,1612121366.0,0,3568054507.0
2025-06-03,3707907298.0,441623484.0,1648873776.0,0,3573582591.0
2025-06-04,3710041375.0,441628343.0,1636360414.0,0,3576568299.0
2025-06-05,3705142487.0,441662627.0,1646859116.0,0,3578606606.0
2025-06-06,3715448451.0,441678530.0,1641209773.0,0,3598072732.0
2025-06-07,3708017908.0,441838486.0,1621186820.0,0,3586412802.0
2025-06-08,3708017908.0,441824786.0,1619686227.0,0,3586301441.0
2025-06-09,3707841893.0,441834951.0,1622280595.0,0,3587300381.0
2025-06-10,3704834623.0,441954027.0,1624950022.0,0,3586213905.0
2025-06-11,3731490420.0,442014176.0,1630621317.0,0,3639270656.0
2025-06-12,3735803631.0,442002484.0,1648322834.0,0,3630052121.0
2025-06-13,3737575043.0,442143436.0,1670581357.0,0,3617843570.0
2025-06-14,3734417794.0,442152217.0,1686372653.0,0,3615494896.0
2025-06-15,3737157876.0,442146467.0,1699946005.0,0,3613793663.0
2025-06-16,3737132886.0,442144256.0,1695049506.0,0,3615938888.0
2025-06-17,3744387305.0,442287014.0,1681625510.0,0,3616663046.0
2025-06-18,3750851079.0,442443316.0,1682130469.0,0,3615877389.0
2025-06-19,3745487957.0,442503584.0,1690079346.0,0,3640613641.0
2025-06-20,3754572639.0,442500929.0,1687083076.0,0,3637453090.0
2025-06-21,3762623615.0,442603055.0,1703861027.0,0,3631636732.0
2025-06-22,3762598619.0,442607924.0,1707530224.0,0,3635206890.0
2025-06-23,3762470633.0,442609252.0,1709072859.0,0,3632277269.0
2025-06-24,3773411452.0,442639356.0,1702289630.0,0,3626512380.0
2025-06-25,3802306575.0,442881756.0,1703057105.0,0,3628914295.0
2025-06-26,3807762385.0,445968332.0,1721746197.0,0,3632509682.0
2025-06-27,3797643997.0,446065173.0,1728769832.0,0,3626778046.0
2025-06-28,3792626296.0,446077134.0,1714678971.0,0,3630445725.0
2025-06-29,3791970957.0,446101227.0,1712376432.0,0,3630263727.0
2025-06-30,3792598675.0,446076242.0,1706439504.0,0,3626472036.0
2025-07-01,3797078097.0,446344503.0,1738258963.0,0,3628803147.0
2025-07-02,3788989362.0,446378909.0,1755633534.0,0,3625589203.0
2025-07-03,3776996505.0,446495277.0,1761216725.0,0,3622543790.0
2025-07-04,3749225927.0,446598082.0,1751858765.0,0,3649148341.0
2025-07-05,3753920679.0,446554311.0,1757460228.0,0,3665995501.0
2025-07-06,3755099184.0,446590936.0,1757040481.0,0,3659930882.0
2025-07-07,3755364751.0,446598082.0,1749709263.0,0,3660016752.0
2025-07-08,3761747002.0,446595402.0,1754793724.0,0,3650970289.0
2025-07-09,3760597493.0,446705846.0,1740959535.0,0,3653383278.0
2025-07-10,3763551812.0,446750673.0,1747957351.0,0,3642474334.0
2025-07-11,3763550963.0,447555069.0,1750089893.0,0,3649828036.0
2025-07-12,3779596620.0,446331557.0,1763131770.0,0,3652481802.0
2025-07-13,3776433125.0,446945824.0,1766181813.0,0,3648956418.0
2025-07-14,3776797336.0,446942489.0,1768907160.0,0,3642483116.0
2025-07-15,3777282858.0,446944724.0,1763931052.0,0,3642984953.0
2025-07-16,3773737824.0,446947198.0,1756061574.0,0,3642712082.0
2025-07-17,3773548909.0,447022780.0,1763999095.0,0,3653163834.0
2025-07-18,3458513364.0,447102114.0,1761792352.0,0,3647117310.0
2025-07-19,3268626049.0,447132399.0,1769137101.0,0,3627017082.0
2025-07-20,3272281763.0,447139106.0,1772979842.0,0,3635320046.0
2025-07-21,3268912806.0,447148498.0,1772299404.0,0,3626984307.0
2025-07-22,3082790537.0,447286523.0,1792688574.0,0,3603079210.0
2025-07-23,3085149657.0,447326081.0,1808795873.0,0,3599745944.0
2025-07-24,3093372769.0,0,1792223353.0,0,3159861982.0
2025-07-25,3077490931.0,447384886.0,1782099375.0,0,3599914841.0
2025-07-26,3072021676.0,447440486.0,1765691697.0,0,3593021818.0
2025-07-27,3071607712.0,447429746.0,1771047038.0,0,3589855025.0
2025-07-28,3070101821.0,447428851.0,1766623551.0,0,3584427198.0
2025-07-29,3044533947.0,497547552.0,1756405835.0,0,3582204791.0
2025-07-30,3047125459.0,597554608.0,1763907428.0,0,3576946997.0
2025-07-31,3033143652.0,647576684.0,1744353947.0,0,3579386836.0
2025-08-01,3066612340.0,697870198.0,1744098623.0,0,3568647711.0
2025-08-02,3085229217.0,697916425.0,1784103062.0,0,3583970176.0
2025-08-03,3085219725.0,697938765.0,1780148328.0,0,4066524675.0
2025-08-04,3086188756.0,697848009.0,1779920249.0,0,4077011679.0
2025-08-05,2994359001.0,644576672.0,1789882763.0,0,3993436805.0
2025-08-06,2969466619.0,698005924.0,1793819819.0,0,4102320451.0
2025-08-07,2972107685.0,744150749.0,1788204427.0,0,4090296495.0
2025-08-08,2965478879.0,795177868.0,1797043869.0,0,4113451085.0
2025-08-09,2966943650.0,847100910.0,2235745602.0,0,4116625372.0
2025-08-10,2967943191.0,847120397.0,2233561162.0,0,4109422009.0
2025-08-11,2970425090.0,847109382.0,2234267801.0,0,4108281643.0
2025-08-12,3086007539.0,898327657.0,2209457063.0,0,4115019983.0
2025-08-13,3084337947.0,948414834.0,2206472870.0,0,4118129544.0
2025-08-14,3088584975.0,998503359.0,2219683353.0,0,4112455830.0
2025-08-15,3099367795.0,1048707538.0,2197613750.0,0,4781898246.0
2025-08-16,3094833338.0,1046670850.0,2203101161.0,0,4764259972.0
2025-08-17,3095107201.0,1046673991.0,2200665988.0,0,4759072601.0
2025-08-18,3096997206.0,1046666663.0,2203120826.0,0,4761146782.0
2025-08-19,3109665100.0,1097092854.0,2192329745.0,0,4774034975.0
2025-08-20,3111335682.0,1147219506.0,2180873885.0,0,4765835796.0
2025-08-21,3108781561.0,1147307602.0,2197111087.0,0,4829391923.0
2025-08-22,3110104951.0,1147359000.0,2192163521.0,0,4847792295.0
2025-08-23,3089631908.0,1144465024.0,2217208246.0,0,4897235517.0
2025-08-24,3088728683.0,1144465024.0,2212174451.0,0,4895866764.0
2025-08-25,3088610845.0,1144444420.0,2210398025.0,0,4891432678.0
2025-08-26,3087004134.0,1143599488.0,2213092016.0,0,4899040592.0
2025-08-27,3099134556.0,1144645947.0,2224198351.0,0,4895265328.0
2025-08-28,3107779904.0,1096676959.0,2229273737.0,0,4921650566.0
2025-08-29,3130557152.0,1096717764.0,2245290385.0,0,4938981961.0
2025-08-30,3142559875.0,1146947065.0,2272815357.0,0,4927722128.0
2025-08-31,3142436406.0,1146932151.0,2269955505.0,0,4938695065.0
2025-09-01,3142108730.0,1146955095.0,2273069676.0,0,4954272560.0
2025-09-02,3142376444.0,1146955095.0,2295363088.0,0,4988007391.0
2025-09-03,3089138682.0,1047004941.0,2328399219.0,0,4965381090.0
2025-09-04,2988931096.0,1097663943.0,2349215982.0,0,5058946684.0
2025-09-05,3014157241.0,1097916160.0,2348426715.0,0,5153879020.0
2025-09-06,3037310320.0,1097913459.0,2380314987.0,0,5120647324.0
2025-09-07,3044303803.0,1098030967.0,2396564250.0,0,5112387352.0
2025-09-08,3043239317.0,1097988287.0,2384092544.0,0,5069633021.0
2025-09-09,3018456518.0,1098219485.0,2413568194.0,0,5167931694.0
2025-09-10,2999104767.0,1098488022.0,2416872632.0,0,5248212446.0
2025-09-11,2952110158.0,1114974936.0,2422689021.0,0,5324024732.0
2025-09-12,3000289117.0,1115124238.0,2415195028.0,0,5522577324.0
2025-09-13,3036962234.0,1115124238.0,2418370623.0,0,5553173910.0
2025-09-14,3035932788.0,1115113085.0,2418242197.0,0,5486990100.0
2025-09-15,3035714598.0,1115119777.0,2419778203.0,0,5415826381.0
2025-09-16,2979886598.0,1135331434.0,2455060247.0,0,5571963708.0
2025-09-17,2948485635.0,1135303435.0,2459350055.0,0,5587861236.0
2025-09-18,2949811071.0,1144201156.0,2437956025.0,0,5609493590.0
2025-09-19,2896457624.0,1144381148.0,2428419377.0,0,5638104916.0
2025-09-20,2907283895.0,1145473737.0,2456098921.0,0,5640810004.0
2025-09-21,2907127458.0,1145384362.0,2456736856.0,0,5637966770.0
2025-09-22,2910796002.0,1145497800.0,2459572683.0,0,5638238878.0
2025-09-23,2908193893.0,1145828980.0,2500136075.0,0,5651510136.0
2025-09-24,2961935646.0,1145949938.0,2515637980.0,0,5666018412.0
2025-09-25,3193854210.0,1148255951.0,2502602787.0,0,5427554008.0
2025-09-26,3201258411.0,1148387406.0,2503081264.0,0,5721164036.0
2025-09-27,3196330458.0,1148430195.0,2516152749.0,0,5711266429.0
2025-09-28,3200263689.0,1148402622.0,2520489673.0,0,5714907417.0
2025-09-29,3200263669.0,1148332372.0,2521403487.0,0,5714042553.0
2025-09-30,3491205708.0,1148766267.0,2571487322.0,0,5732963113.0
2025-10-01,3647929322.0,1148933956.0,2593275799.0,0,5730836209.0
2025-10-02,3731325898.0,1149132724.0,2597673032.0,0,5741987678.0
2025-10-03,3844243844.0,1149248863.0,2600439247.0,0,5764331288.0
2025-10-04,3877519529.0,1154512488.0,2623327481.0,0,5748198163.0
2025-10-05,3879527899.0,1154437967.0,2624101920.0,0,5739807339.0
2025-10-06,3880666614.0,1154511195.0,2633302620.0,0,5739689642.0
2025-10-07,3897021429.0,1174825230.0,2686670227.0,0,5775868510.0
2025-10-08,3893992675.0,1214854843.0,2696966167.0,0,5797195899.0
2025-10-09,3898823869.0,1254953024.0,2726066739.0,0,5865048748.0
2025-10-10,3892786547.0,1275604237.0,2713427823.0,0,5898691712.0
2025-10-11,3897799027.0,1276070908.0,2724373965.0,0,5899815379.0
2025-10-12,3895762545.0,1276099560.0,2731679308.0,0,5886886265.0
2025-10-13,3895190971.0,1276162631.0,2763271074.0,0,5884116857.0
2025-10-14,3890635494.0,1255482839.0,2818310879.0,0,5866940062.0
2025-10-15,3910050684.0,1274012422.0,2848716843.0,0,5842916070.0
2025-10-16,3903520741.0,1293920344.0,2913990974.0,0,5835716448.0
2025-10-17,3896819521.0,1316937177.0,3033031546.0,0,5859223313.0
2025-10-18,3885307852.0,1332727344.0,3579407396.0,0,5881443345.0
2025-10-19,3885126373.0,1332597048.0,3569514994.0,0,5880547397.0
2025-10-20,3885193873.0,1332686519.0,3567009280.0,0,5878953300.0
2025-10-21,3882025765.0,1372905316.0,3718030722.0,0,5889983869.0
2025-10-22,3888464291.0,1373381577.0,3457692357.0,0,5952664892.0
2025-10-23,3881338174.0,1373483462.0,3483245361.0,0,5968246971.0
2025-10-24,3877025471.0,1373567974.0,3514780459.0,0,5974231168.0
2025-10-25,3895435004.0,1373530959.0,3510478306.0,0,6010921906.0
2025-10-26,3895083780.0,1373427365.0,3513125169.0,0,6008732657.0
2025-10-27,3895140962.0,1373391870.0,3477479257.0,0,6010830476.0
2025-10-28,3885231316.0,1373965743.0,3409230466.0,0,6017264200.0
2025-10-29,3879215095.0,1374311598.0,3393048552.0,0,6079595268.0
2025-10-30,3878501266.0,1374387796.0,3389615795.0,0,6081587149.0
2025-10-31,3881327972.0,1374635819.0,3443983523.0,0,6074967717.0
2025-11-01,3874325561.0,1374814623.0,3421878607.0,0,6171569593.0
2025-11-02,3873096282.0,1374870228.0,3428244906.0,0,6175485341.0
2025-11-03,3870942382.0,1374737137.0,3410768493.0,0,6176638998.0
2025-11-04,3858592914.0,1370502624.0,3413356139.0,0,6161665316.0
2025-11-05,3845223987.0,1370786807.0,3362321643.0,0,6206980858.0
2025-11-06,3832282814.0,1370791064.0,3395206015.0,0,6265952863.0
2025-11-07,3843174006.0,1370914595.0,3400871804.0,0,6250495048.0
2025-11-08,3832299589.0,1371510112.0,3410724596.0,0,6243932647.0
2025-11-09,3832594791.0,1371376123.0,3408264547.0,0,6237814864.0
2025-11-10,3839822048.0,1371330946.0,3449907468.0,0,6246186615.0
2025-11-11,3553133976.0,1371810356.0,3512068549.0,0,6250823761.0
2025-11-12,3562142879.0,1371791968.0,3526649424.0,0,6278036124.0
2025-11-13,3576127034.0,1371748020.0,3577679984.0,0,5981618816.0
2025-11-14,3569037653.0,1372071866.0,3559043021.0,0,6096818255.0
2025-11-15,3560629642.0,1372507344.0,3479994043.0,0,6105883454.0
2025-11-16,3563048061.0,1372459565.0,3486568004.0,0,6110103610.0
2025-11-17,3558059657.0,1372562594.0,3486815550.0,0,6112251105.0
2025-11-18,3438338412.0,1372848128.0,3438668168.0,0,5905809031.0
2025-11-19,3443793760.0,1373189069.0,3472920271.0,0,5911706195.0
2025-11-20,3442828515.0,1369219873.0,3493855132.0,0,6032213738.0
2025-11-21,3512936465.0,1369711196.0,3475352132.0,0,5986172408.0
2025-11-22,3517058305.0,1369266010.0,3466236378.0,0,6129520787.0
2025-11-23,3502608658.0,1369130232.0,3465142673.0,0,6109476742.0
2025-11-24,3502699465.0,1369303664.0,3465489246.0,0,6099651127.0
2025-11-25,3493072043.0,1370390273.0,3529032272.0,0,6081343080.0
2025-11-26,3145270792.0,1371492040.0,3522647659.0,0,6045853594.0
2025-11-27,3142867327.0,1371657004.0,3558134229.0,0,6059829273.0
2025-11-28,3157418739.0,1371748904.0,3561295292.0,0,6096367926.0
2025-11-29,3162999620.0,1372241751.0,3614187268.0,0,6109835689.0
2025-11-30,3173271452.0,1372245827.0,3619784169.0,0,6106588812.0
2025-12-01,3173320133.0,1372200384.0,3616077809.0,0,6110109872.0
2025-12-02,3171657947.0,1372614306.0,3622442211.0,0,6172515767.0
2025-12-03,3177796764.0,1373516359.0,3617894217.0,0,6187390719.0
2025-12-04,2910046774.0,1373677655.0,3632122332.0,0,5899760587.0
2025-12-05,2920125234.0,1373770319.0,3620208395.0,0,6025402702.0
2025-12-06,3424061233.0,1373258980.0,3628832830.0,0,6032692002.0
2025-12-07,3447938101.0,1373261505.0,3629617463.0,0,6041046647.0
2025-12-08,3447588258.0,1373252002.0,3630197241.0,0,6038748648.0
2025-12-09,3455109234.0,1374057499.0,3619108700.0,0,6039159814.0
2025-12-10,3177445751.0,1374570473.0,3625826176.0,0,5882815375.0
2025-12-11,3185536636.0,1373289257.0,3682152209.0,0,5909371725.0
2025-12-12,3203168506.0,1341471760.0,3710631259.0,0,5904951848.0
2025-12-13,3212431487.0,1341743229.0,3732049199.0,0,5908414326.0
2025-12-14,3212173976.0,1341929759.0,3727134668.0,0,5913677039.0
2025-12-15,3216143202.0,1341815270.0,3730024306.0,0,5922992019.0
2025-12-16,3237897476.0,1342623817.0,3743747050.0,0,5907463699.0
2025-12-17,3147254700.0,1342683127.0,3763925637.0,0,5993835237.0
2025-12-18,3144611391.0,1342973021.0,3795780120.0,0,5995868016.0
2025-12-19,3134559844.0,1342625234.0,3795951392.0,0,5995944338.0
2025-12-20,3129118049.0,1343069490.0,3808872245.0,0,6020486124.0
2025-12-21,3129057141.0,1343106663.0,3812745055.0,0,6020051310.0
2025-12-22,3129072077.0,1343256940.0,3819171796.0,0,6014129467.0
2025-12-23,3120816810.0,1343323800.0,3924357810.0,0,6033988327.0
2025-12-24,3175159118.0,1344015129.0,3976354371.0,0,6141490656.0
2025-12-25,3183224373.0,1344458782.0,3969316558.0,0,6135424919.0
2025-12-26,3181299463.0,1344225605.0,3987102911.0,0,6144517495.0
2025-12-27,3165744993.0,1344306204.0,4013009135.0,0,6141885951.0
2025-12-28,3169653188.0,1344469540.0,4027306959.0,0,6138032158.0
2025-12-29,3169644613.0,1344653015.0,3994202809.0,0,6138548891.0
2025-12-30,3282005172.0,1344786294.0,3860482470.0,0,6140591547.0
2025-12-31,3281171243.0,1345691378.0,3878997033.0,0,6140947580.0
2026-01-01,3261042100.0,1345935156.0,3875680725.0,0,6122175069.0
2026-01-02,3266167469.0,1345972754.0,3897444318.0,0,6127463432.0
2026-01-03,3308126167.0,1345991286.0,3893507280.0,0,6134327436.0
2026-01-04,3144590465.0,1346106334.0,3897137304.0,0,6139034965.0
2026-01-05,3174262878.0,1346718046.0,3937473419.0,0,6140294773.0
2026-01-06,3164208928.0,1347564280.0,3992605894.0,0,6142291254.0
2026-01-07,3165177344.0,1297764675.0,4046751144.0,0,6147569215.0
2026-01-08,3168652026.0,1338351219.0,4028548631.0,0,6220637915.0
2026-01-09,3171613382.0,1288658629.0,4041229764.0,0,6238740421.0
2026-01-10,3187099046.0,1258593270.0,4076903000.0,0,6262682731.0
2026-01-11,3187099594.0,1259154427.0,4085455179.0,0,6269234103.0
2026-01-12,3186719032.0,1258458214.0,4113180104.0,0,6266839670.0
2026-01-13,3194380281.0,1278581973.0,4160050254.0,0,6297665094.0
2026-01-14,3209137145.0,1288603868.0,4171817094.0,0,6372929239.0
2026-01-15,3222602365.0,1258811904.0,4189450863.0,0,6423051053.0
2026-01-16,3398935880.0,1299156220.0,4181172884.0,0,6459169278.0
2026-01-17,3408786994.0,1252592651.0,4171438334.0,0,6527177600.0
2026-01-18,3408973038.0,1262485752.0,4178007374.0,0,6539433823.0
2026-01-19,3410454946.0,1249476078.0,4236449706.0,0,6737326808.0
2026-01-20,3419328754.0,1249515621.0,4239060469.0,0,6725725790.0
2026-01-21,3408574066.0,1270200711.0,4370768804.0,0,6850435261.0
2026-01-22,3417437468.0,1270189296.0,4395485254.0,0,7126194453.0
2026-01-23,3457976554.0,1290143525.0,4589193803.0,0,7303635686.0
2026-01-24,3470928128.0,1290068521.0,4630870129.0,0,7371364541.0
2026-01-25,3470988832.0,1290207470.0,4683563635.0,0,7366742582.0
2026-01-26,3472743260.0,1290216043.0,4684858230.0,0,7323012538.0
2026-01-27,3480386757.0,1290517055.0,4693324040.0,0,7231094085.0
2026-01-28,3510869840.0,1310683352.0,4868257001.0,0,7353193153.0
2026-01-29,3507441987.0,1320724177.0,5203724689.0,0,7494650161.0
2026-01-30,3530731170.0,1341012022.0,5176245973.0,0,7543183089.0
2026-01-31,3520697803.0,0,4703276281.0,0,6923672603.0
2026-02-01,3509827838.0,0,5572603417.0,0,6945556042.0
2026-02-02,3506094195.0,0,5526048669.0,0,6952844385.0
2026-02-03,3519826678.0,0,5524613686.0,0,6968849533.0
2026-02-04,3550378747.0,0,5798891945.0,0,7535189322.0
2026-02-05,3559274050.0,1311253282.0,5870987393.0,0,7419173396.0
2026-02-06,3603242594.0,1362489040.0,5455676237.0,0,7391292637.0
2026-02-07,3704278001.0,1362741472.0,5790237201.0,0,7301701558.0
2026-02-08,3727910551.0,1362484965.0,5849301629.0,0,7327101678.0
2026-02-09,3729333252.0,1362724237.0,5916075945.0,0,7306320884.0
2026-02-10,3689565075.0,1363026505.0,5919908172.0,0,7323942277.0
2026-02-11,4143409287.0,1363192552.0,5918945619.0,0,7329573993.0
2026-02-12,4115902970.0,1363056669.0,5945450716.0,0,7338253088.0
2026-02-13,4110601213.0,1363038776.0,5799702171.0,0,7309211863.0
2026-02-14,4146806279.0,1350283746.0,5919533595.0,0,7330998761.0
2026-02-15,4147951633.0,1350268550.0,5896215203.0,0,7396824101.0
2026-02-16,4147595999.0,1350392112.0,5889851389.0,0,7388907188.0
2026-02-17,4152404618.0,1350904422.0,5866209970.0,0,7504403590.0
2026-02-18,4202499757.0,1351046743.0,5724496813.0,0,7502888877.0
2026-02-19,4258764804.0,1350067142.0,5836455883.0,0,7474395224.0
2026-02-20,4245376517.0,1350322449.0,5874050612.0,0,7436580229.0
2026-02-21,4278918087.0,1350271633.0,6005393089.0,0,7448339781.0
2026-02-22,4278058316.0,1350410700.0,6029832574.0,0,7453027422.0
2026-02-23,4272447535.0,1350541923.0,6072846446.0,0,7458729015.0
2026-02-24,4242378488.0,1350830139.0,6153377832.0,0,7464694857.0
2026-02-25,4227865577.0,1351060636.0,6090131159.0,0,7494167512.0
2026-02-26,4182385260.0,1351578007.0,6134716381.0,0,7626297714.0
2026-02-27,4187579676.0,1355078097.0,6174561276.0,0,7617885144.0
2026-02-28,4235153151.0,1360594257.0,6288611149.0,0,7684585618.0
2026-03-01,4237123002.0,1360634597.0,6369766336.0,0,7691938823.0
2026-03-02,4232793877.0,1360636933.0,6403169155.0,0,7686806188.0
2026-03-03,4283587088.0,1360421748.0,6407745761.0,0,7749954587.0
2026-03-04,4287273172.0,1370884279.0,6183136230.0,0,7969731695.0
2026-03-05,4227774938.0,1373325404.0,6254835086.0,0,7984552820.0
2026-03-06,4263216001.0,1374225350.0,6170515170.0,0,7952195034.0
2026-03-07,4273253458.0,1374649392.0,6278235484.0,0,8004911579.0
2026-03-08,4272559023.0,1374798154.0,6274757291.0,0,7906933440.0
2026-03-09,4262898849.0,1374782919.0,6139030133.0,0,7878587175.0
2026-03-10,4317236820.0,1375232130.0,6241407838.0,0,7941485170.0
2026-03-11,4340060203.0,1374801165.0,6327092884.0,0,7968796947.0
2026-03-12,4338547086.0,1097605959.0,6264164133.0,0,8083778474.0
2026-03-13,4356249630.0,1147828805.0,6225186056.0,0,8267279732.0
2026-03-14,4400200605.0,1243312302.0,6124811919.0,0,8388840778.0
