chain,tvl,pct
Ethereum,1622484617.76,34.28
Solana,653211304.19,13.8
Arbitrum,480102945.8,10.14
Plume Mainnet,330096629.76,6.97
Base,260196643.47,5.5
Avalanche,256658142.71,5.42
Monad,208164710.42,4.4
xDai,155072104.49,3.28
Algorand,126612928.67,2.67
Binance,112321947.66,2.37
Celo,111301227.66,2.35
Stellar,102777639.08,2.17
Sui,74532367.57,1.57
Pharos,71700544.25,1.51
Polygon,33349150.87,0.7
Tron,28158143.01,0.59
zkSync Era,18534739.93,0.39
Flare,10471134.26,0.22
Etherlink,7577765.94,0.16
Hedera,7447739.67,0.16
