rank,name,slug,symbol,tvl,change_1d,change_7d,change_1m,category,chains
1,Invesco USTB,invesco-ustb,-,578042814.88,6.9,7.18,0,Other,Ethereum|Solana|Plume Mainnet
2,Ethena USDtb,ethena-usdtb,ENA,492421082.49,0.15,2.17,0,Other,Ethereum
3,Re,re,RE,390381920.11,0.23,2.92,0,Other,Ethereum|Base|Arbitrum|Avalanche
4,Huma,huma,-,380679219.83,2.34,6.19,0,Other,Solana|Ethereum|Stellar|Monad
5,Anemoy Capital,anemoy-capital,-,333134886.13,-0.3,-7.19,0,Other,Ethereum|Base|Celo
6,OnRe,onre,-,294765420.71,-0.54,-2.6,0,Other,Solana
7,OpenTrade,opentrade,-,267529149.46,0.1,0.09,0,Other,Avalanche|Plume Mainnet|Ethereum
8,USD AI,usd-ai,CHIP,237471166.91,8.91,-27.73,0,Other,Arbitrum
9,Plume Vaults,plume-vaults,-,222081255.6,-0.2,6.72,0,Other,Plume Mainnet|Ethereum|Binance|Solana|Avalanche
10,RealT Tokens,realt-tokens,REG,155096591.44,0.01,0.0,0,Real Estate,xDai
11,R25,r25,-,133795347.81,0.05,0.36,0,Other,Pharos
12,Theo Network thUSD,theo-network-thusd,-,133545770.47,-0.19,-0.54,0,Other,Ethereum
13,Valos,valos,-,105547632.35,0.03,0.13,0,Other,Monad
14,Frax USD,frax-usd,FRAX,104238424.82,-1.02,1.7,0,Other,Ethereum
15,Lofty,lofty,-,101079150.74,0.01,-0.0,0,Other,Algorand
16,Usual USD0,usual-usd0,USUAL,87894616.74,-0.16,0.02,0,Other,Ethereum
17,Sky RWA,sky-rwa,SKY,73453258.67,-0.28,2.01,0,Other,Ethereum
18,stUSDT,stusdt,STUSDT,61088716.21,0.01,0.23,0,Other,Tron|Ethereum
19,Brickken,brickken,BKN,42383542.52,-0.0,-0.02,0,Other,Binance|Ethereum|Base|Avalanche|Polygon
20,Tangible RWA,tangible-rwa,TNGBL,41487517.77,-0.35,-0.92,0,Real Estate,Polygon|Arbitrum|Optimism|re.al|Base
21,KAIO,kaio,KAIO,39653309.99,0.01,0.01,0,Other,Sei|Aptos|Immutable zkEVM|Sui|Near
22,GoldFinger,goldfinger,ART,23546495.42,0.0,-0.01,0,Other,Binance
23,T RIZE,t-rize,RIZE,23000000,0,0,0,Other,Base
24,Clearpool TPOOL,clearpool-tpool,CPOOL,20861230.76,0.01,-0.04,0,Private Credit,Flare|Ethereum
25,Vesta Equity,vesta-equity,-,20634337,0,0,0,Other,Algorand
26,Sygnum FIUSD Liquidity Fund,sygnum-fiusd-liquidity-fund,-,19316067.44,0.01,-13.41,0,Other,zkSync Era
27,GAIB,gaib,GAIB,18914939.01,0,-0.01,0,Other,Ethereum|Base|Arbitrum|Binance
28,Stobox,stobox,STBU,13952059,0,0,0,Other,Arbitrum|Binance|Polygon
29,Estate Protocol,estate-protocol,-,13950806.89,0.01,0.0,0,Other,Arbitrum
30,Theo Network thBill,theo-network-thbill,-,13730733.45,0.03,-26.67,0,Other,Monad|Ethereum|Arbitrum|Base|Solana
