date,rwa_tvl,defi_tvl,rwa_ratio_pct
2021-11-02,23888182,158684649023,0.0151
2021-11-03,23930540,164602769247,0.0145
2021-11-04,23862840,167056921892,0.0143
2021-11-05,23930540,167343398403,0.0143
2021-11-06,23930540,166712288546,0.0144
2021-11-07,24169845,169018508032,0.0143
2021-11-08,23930540,173790547265,0.0138
2021-11-09,23930540,177493346508,0.0135
2021-11-10,23906394,176142281138,0.0136
2021-11-11,24836826,171595449817,0.0145
2021-11-12,24836826,174428447154,0.0142
2021-11-13,24836826,173515329900,0.0143
2021-11-14,24836826,174998604785,0.0142
2021-11-15,24836826,175771715201,0.0141
2021-11-16,24836826,172043848457,0.0144
2021-11-17,24836826,164758043227,0.0151
2021-11-18,24836826,166861071452,0.0149
2021-11-19,24836826,159166137242,0.0156
2021-11-20,25085194,168388441836,0.0149
2021-11-21,25085194,172458740074,0.0145
2021-11-22,24836826,170513617685,0.0146
2021-11-23,24944868,165868596360,0.015
2021-11-24,24944868,171365229976,0.0146
2021-11-25,24944868,170607978305,0.0146
2021-11-26,26209798,175001724373,0.015
2021-11-27,26167102,162590085163,0.0161
2021-11-28,26209798,164139472794,0.016
2021-11-29,26208539,170245220455,0.0154
2021-11-30,26132872,173832645256,0.015
2021-12-01,26150459,177078538448,0.0148
2021-12-02,26209798,177472313427,0.0148
2021-12-03,26402502,175462283995,0.015
2021-12-04,26411700,167254867600,0.0158
2021-12-05,26383338,160831443764,0.0164
2021-12-06,26332983,159990036803,0.0165
2021-12-07,26432953,164374698405,0.0161
2021-12-08,27233700,165001680945,0.0165
2021-12-09,27687530,168038648548,0.0165
2021-12-10,27670751,160200414871,0.0173
2021-12-11,27579936,155303214742,0.0178
2021-12-12,27677230,158729708905,0.0174
2021-12-13,27625565,160312940504,0.0172
2021-12-14,27643146,151349610808,0.0183
2021-12-15,27687530,154126431864,0.018
2021-12-16,27686367,158945273904,0.0174
2021-12-17,28227484,157789672325,0.0179
2021-12-18,28230590,156687506251,0.018
2021-12-19,28230590,161090866275,0.0175
2021-12-20,28230590,160762162888,0.0176
2021-12-21,28230590,160757113718,0.0176
2021-12-22,28230590,166087665454,0.017
2021-12-23,28512895,165914105618,0.0172
2021-12-24,28230590,171106024042,0.0165
2021-12-25,28230590,170409698183,0.0166
2021-12-26,28230590,171904039132,0.0164
2021-12-27,28212635,173466282652,0.0163
2021-12-28,28789362,170475361656,0.0169
2021-12-29,28968037,164780806089,0.0176
2021-12-30,28937041,161856366934,0.0179
2021-12-31,28937881,163257738269,0.0177
2022-01-01,28968037,163249883734,0.0177
2022-01-02,28968037,166621872230,0.0174
2022-01-03,28968037,167757711805,0.0173
2022-01-04,28974454,167885221630,0.0173
2022-01-05,28987412,167903568059,0.0173
2022-01-06,28987412,161478454985,0.018
2022-01-07,28987412,158739228035,0.0183
2022-01-08,28987412,153986694722,0.0188
2022-01-09,28987412,151103778557,0.0192
2022-01-10,31247161,153054358645,0.0204
2022-01-11,31301532,150647668337,0.0208
2022-01-12,31280998,155404007654,0.0201
2022-01-13,31301532,159857460688,0.0196
2022-01-14,31301532,157486998221,0.0199
2022-01-15,31301532,158984482761,0.0197
2022-01-16,31301532,160476538102,0.0195
2022-01-17,31301532,161217881689,0.0194
2022-01-18,31301532,157083894987,0.0199
2022-01-19,31301532,156184869538,0.02
2022-01-20,31332426,154755855760,0.0202
2022-01-21,31332426,150855388732,0.0208
2022-01-22,31262523,135283433426,0.0231
2022-01-23,31332426,128695819350,0.0243
2022-01-24,31332426,132142933419,0.0237
2022-01-25,31265719,128272836618,0.0244
2022-01-26,31247640,132523024179,0.0236
2022-01-27,31332426,133616741901,0.0234
2022-01-28,33216756,126373125048,0.0263
2022-01-29,33214729,127435103508,0.0261
2022-01-30,33216756,128904274250,0.0258
2022-01-31,33216756,127205003014,0.0261
2022-02-01,33180250,129908125099,0.0255
2022-02-02,33216756,132713879864,0.025
2022-02-03,33216756,129035686548,0.0257
2022-02-04,33201575,130691733289,0.0254
2022-02-05,33548923,138419397217,0.0242
2022-02-06,33216756,140626655263,0.0236
2022-02-07,33216756,142570790569,0.0233
2022-02-08,33216025,144909167903,0.0229
2022-02-09,33216756,144842125197,0.0229
2022-02-10,33216756,147255277455,0.0226
2022-02-11,33444996,143415193914,0.0233
2022-02-12,33430480,139791373157,0.0239
2022-02-13,33478440,139759184916,0.024
2022-02-14,33511885,139102161911,0.0241
2022-02-15,33478440,140097947531,0.0239
2022-02-16,33468108,145548285950,0.023
2022-02-17,33468108,144677139624,0.0231
2022-02-18,33456661,138426569046,0.0242
2022-02-19,34124047,136585492174,0.025
2022-02-20,34158137,135910095969,0.0251
2022-02-21,34089958,132955545374,0.0256
2022-02-22,34158137,130089259450,0.0263
2022-02-23,34080480,131884742509,0.0258
2022-02-24,34089958,131277223921,0.026
2022-02-25,34124047,131360584227,0.026
2022-02-26,35926263,135242532449,0.0266
2022-02-27,36007379,136354227835,0.0264
2022-02-28,36202959,132711051426,0.0273
2022-03-01,36125220,142152710187,0.0254
2022-03-02,36167819,143286734414,0.0252
2022-03-03,36115320,143493897862,0.0252
2022-03-04,36246459,138812947756,0.0261
2022-03-05,36174183,133745633812,0.027
2022-03-06,36174183,135671186044,0.0267
2022-03-07,36174183,131588265780,0.0275
2022-03-08,36174183,131663196733,0.0275
2022-03-09,36138045,134201562534,0.0269
2022-03-10,36174183,139293468468,0.026
2022-03-11,38124097,135832504573,0.0281
2022-03-12,38122877,134858214564,0.0283
2022-03-13,38175697,134942762854,0.0283
2022-03-14,38131381,133279534949,0.0286
2022-03-15,38137560,135547354068,0.0281
2022-03-16,38136034,136320427305,0.028
2022-03-17,38110520,140733163892,0.0271
2022-03-18,38483948,141000998626,0.0273
2022-03-19,38496306,145242256029,0.0265
2022-03-20,38466431,145441866130,0.0264
2022-03-21,38490993,143459703540,0.0268
2022-03-22,38464891,147593034434,0.0261
2022-03-23,38640188,149399109542,0.0259
2022-03-24,39354590,150905015442,0.0261
2022-03-25,39321138,152140078275,0.0258
2022-03-26,39333417,151097914368,0.026
2022-03-27,39318816,152964767270,0.0257
2022-03-28,39330308,156386847505,0.0251
2022-03-29,39252268,157903768757,0.0249
2022-03-30,39393944,160321670088,0.0246
2022-03-31,39787490,161439939586,0.0246
2022-04-01,40347330,157547630443,0.0256
2022-04-02,40267116,161736362113,0.0249
2022-04-03,40067265,161809006268,0.0248
2022-04-04,40096823,162911778056,0.0246
2022-04-05,40069952,162388873397,0.0247
2022-04-06,40056195,158574213444,0.0253
2022-04-07,39772039,152319564943,0.0261
2022-04-08,40699310,154640106418,0.0263
2022-04-09,40797172,151941280359,0.0269
2022-04-10,40724092,153478382334,0.0265
2022-04-11,40722704,151548701631,0.0269
2022-04-12,40650032,144300551794,0.0282
2022-04-13,40617085,146192205144,0.0278
2022-04-14,40867598,148425119265,0.0275
2022-04-15,40757080,146108324594,0.0279
2022-04-16,40826772,147133775692,0.0277
2022-04-17,40771084,147656524050,0.0276
2022-04-18,40789088,145169656535,0.0281
2022-04-19,40814401,148722968803,0.0274
2022-04-20,40809869,149696248599,0.0273
2022-04-21,40794886,149486973101,0.0273
2022-04-22,42110283,146766815036,0.0287
2022-04-23,41966763,146149095956,0.0287
2022-04-24,42068257,145650169992,0.0289
2022-04-25,42026231,144678314924,0.029
2022-04-26,42068257,147992526925,0.0284
2022-04-27,42001141,142219848205,0.0295
2022-04-28,41943103,144371309908,0.0291
2022-04-29,42270532,144028595209,0.0293
2022-04-30,42144957,140397892488,0.03
2022-05-01,42221749,135812228945,0.0311
2022-05-02,42367706,138173078385,0.0307
2022-05-03,42464599,138040041793,0.0308
2022-05-04,42396469,137924506847,0.0307
2022-05-05,42378270,142610131627,0.0297
2022-05-06,43703552,136851094115,0.0319
2022-05-07,43625584,135723734768,0.0321
2022-05-08,43563219,130664967229,0.0333
2022-05-09,43668938,125984315305,0.0347
2022-05-10,43591933,109592244185,0.0398
2022-05-11,45039706,107065909739,0.0421
2022-05-12,44904992,89971030272,0.0499
2022-05-13,45129516,78539141525,0.0575
2022-05-14,45174421,79102617903,0.0571
2022-05-15,45084611,79389652084,0.0568
2022-05-16,45084611,81334054405,0.0554
2022-05-17,45219326,78492902673,0.0576
2022-05-18,44994801,80125988989,0.0562
2022-05-19,45951651,76408340101,0.0601
2022-05-20,45905791,78575905506,0.0584
2022-05-21,45859932,76756997745,0.0597
2022-05-22,45833195,77336701621,0.0593
2022-05-23,46100973,79960583296,0.0577
2022-05-24,46055010,79073716965,0.0582
2022-05-25,46055010,79646018934,0.0578
2022-05-26,46055010,79695127861,0.0578
2022-05-27,45963084,76395260456,0.0602
2022-05-28,46009047,75025857154,0.0613
2022-05-29,46100973,76146553781,0.0605
2022-05-30,46100973,76409841753,0.0603
2022-05-31,46009047,80219044564,0.0574
2022-06-01,46055010,79779012615,0.0577
2022-06-02,46009047,76910573259,0.0598
2022-06-03,46418100,77392141688,0.06
2022-06-04,46418100,75702652306,0.0613
2022-06-05,46371729,75348178982,0.0615
2022-06-06,46510844,75556690574,0.0616
2022-06-07,46464472,75922007805,0.0612
2022-06-08,46464472,75974914284,0.0612
2022-06-09,46571260,75550624572,0.0616
2022-06-10,46524782,74887187740,0.0621
2022-06-11,46607274,72036761535,0.0647
2022-06-12,46560760,69113705505,0.0674
2022-06-13,46560760,66208471806,0.0703
2022-06-14,46425822,57504989735,0.0807
2022-06-15,46655887,55658964800,0.0838
2022-06-16,46842324,55353154252,0.0846
2022-06-17,49775870,51615129803,0.0964
2022-06-18,49838859,52342910599,0.0952
2022-06-19,49888648,49592771860,0.1006
2022-06-20,49938437,51466847157,0.097
2022-06-21,49888648,52155292691,0.0957
2022-06-22,49888648,52488975882,0.095
2022-06-23,49708112,51950404565,0.0957
2022-06-24,49842714,53532962786,0.0931
2022-06-25,49942300,54737710899,0.0912
2022-06-26,49792922,54913885029,0.0907
2022-06-27,49842714,54065314916,0.0922
2022-06-28,49842714,53602483006,0.093
2022-06-29,49842714,52498485290,0.0949
2022-06-30,49842714,51787961628,0.0962
2022-07-01,49942300,51319489884,0.0973
2022-07-02,49892507,51268381038,0.0973
2022-07-03,49842714,52325117056,0.0953
2022-07-04,49792922,52593866851,0.0947
2022-07-05,49892507,54033391583,0.0923
2022-07-06,49842714,54240842847,0.0919
2022-07-07,49842714,55076437369,0.0905
2022-07-08,50091521,55648539444,0.09
2022-07-09,50191604,55482847713,0.0905
2022-07-10,50191604,55606156034,0.0903
2022-07-11,50191604,54429560893,0.0922
2022-07-12,50141563,52809087702,0.0949
2022-07-13,50091521,51648763151,0.097
2022-07-14,50091521,52787881343,0.0949
2022-07-15,50091521,53965656416,0.0928
2022-07-16,50041480,54479817843,0.0919
2022-07-17,50027869,55809847450,0.0896
2022-07-18,50091521,55624954215,0.0901
2022-07-19,50241646,58972365317,0.0852
2022-07-20,50241646,59152710421,0.0849
2022-07-21,49981280,58465435022,0.0855
2022-07-22,50018411,59261723078,0.0844
2022-07-23,50141563,59187763934,0.0847
2022-07-24,50041480,59240557064,0.0845
2022-07-25,50091521,59837903509,0.0837
2022-07-26,50191604,57298123597,0.0876
2022-07-27,50091521,57166159842,0.0876
2022-07-28,50097590,60031689277,0.0835
2022-07-29,50041668,61734086291,0.0811
2022-07-30,50158873,61271036897,0.0819
2022-07-31,50090224,61343599943,0.0817
2022-08-01,50108764,61034907285,0.0821
2022-08-02,50208982,60464216390,0.083
2022-08-03,50037159,59423275608,0.0842
2022-08-04,73961141,60120074002,0.123
2022-08-05,73887327,60909623712,0.1213
2022-08-06,74847777,62004282515,0.1207
2022-08-07,74989109,61446713464,0.122
2022-08-08,74898025,62563366496,0.1197
2022-08-09,75038534,62816347181,0.1195
2022-08-10,75121175,61073904987,0.123
2022-08-11,75202713,63847411045,0.1178
2022-08-12,75127660,63631638757,0.1181
2022-08-13,75021210,64148391430,0.1169
2022-08-14,75178962,64302267625,0.1169
2022-08-15,75127660,63338287431,0.1186
2022-08-16,75103909,62668274990,0.1198
2022-08-17,76359840,62830599996,0.1215
2022-08-18,76435750,61691339340,0.1239
2022-08-19,76383270,60897485950,0.1254
2022-08-20,76459629,57840475521,0.1322
2022-08-21,76435750,57485354376,0.133
2022-08-22,76535989,58347450296,0.1312
2022-08-23,76343017,58359412944,0.1308
2022-08-24,76236769,58557628292,0.1302
2022-08-25,76328344,58730563103,0.13
2022-08-26,76535989,59115380810,0.1295
2022-08-27,76612348,56328629926,0.136
2022-08-28,76373666,55995986797,0.1364
2022-08-29,77023325,54961041376,0.1401
2022-08-30,77095859,56593370953,0.1362
2022-08-31,77015812,56419447223,0.1365
2022-09-01,78201743,56081845921,0.1394
2022-09-02,78340320,56653550894,0.1383
2022-09-03,78372170,56537357375,0.1386
2022-09-04,78372170,56266917526,0.1393
2022-09-05,78377097,56230210455,0.1394
2022-09-06,78594905,56918489075,0.1381
2022-09-07,78352311,54472902147,0.1438
2022-09-08,78407648,55470306287,0.1414
2022-09-09,78431549,55489049315,0.1413
2022-09-10,78431549,56892135584,0.1379
2022-09-11,78431549,57611010035,0.1361
2022-09-12,78361959,56971555207,0.1375
2022-09-13,78377097,56493710639,0.1387
2022-09-14,78273631,53465903982,0.1464
2022-09-15,78353196,52443695197,0.1494
2022-09-16,78615099,51401538870,0.1529
2022-09-17,78639711,51673669252,0.1522
2022-09-18,78725255,52290553199,0.1506
2022-09-19,78588798,50812367750,0.1547
2022-09-20,78780000,51188881488,0.1539
2022-09-21,78581010,51040068084,0.154
2022-09-22,78725255,49981095080,0.1575
2022-09-23,79859100,51642928034,0.1546
2022-09-24,79859100,51837710602,0.1541
2022-09-25,79789391,51648616556,0.1545
2022-09-26,80018706,51457430983,0.1555
2022-09-27,79798605,52203745816,0.1529
2022-09-28,80239817,52160393202,0.1538
2022-09-29,80604114,52399467132,0.1538
2022-09-30,80316969,52394890292,0.1533
2022-10-01,80514776,52300667062,0.1539
2022-10-02,80566062,52669475851,0.153
2022-10-03,80427410,52159200269,0.1542
2022-10-04,80453755,52940789613,0.152
2022-10-05,80391463,53434900758,0.1504
2022-10-06,80911457,53501257454,0.1512
2022-10-07,81214421,53376432348,0.1522
2022-10-08,81393318,52784066293,0.1542
2022-10-09,81466514,52553033725,0.155
2022-10-10,81430284,52642871800,0.1547
2022-10-11,81321627,51949679665,0.1565
2022-10-12,81453314,51925020589,0.1569
2022-10-13,81443799,51600236333,0.1578
2022-10-14,82496103,51114273577,0.1614
2022-10-15,82347362,51094285512,0.1612
2022-10-16,82347666,50949659282,0.1616
2022-10-17,82314063,51368524515,0.1602
2022-10-18,82461595,51765046623,0.1593
2022-10-19,82361065,51323481027,0.1605
2022-10-20,82469714,50752123923,0.1625
2022-10-21,82467333,50202139715,0.1643
2022-10-22,82521156,50247113815,0.1642
2022-10-23,82467333,50364800833,0.1637
2022-10-24,82444439,51226090606,0.1609
2022-10-25,82549799,50647788179,0.163
2022-10-26,82492132,52314324442,0.1577
2022-10-27,82467333,53562536722,0.154
2022-10-28,82947408,52904784602,0.1568
2022-10-29,82878615,53453790901,0.155
2022-10-30,82937781,54328981929,0.1527
2022-10-31,82929071,53984453625,0.1536
2022-11-01,82891973,53441183962,0.1551
2022-11-02,82954502,53271647934,0.1557
2022-11-03,83925851,52487617339,0.1599
2022-11-04,83940863,52851567757,0.1588
2022-11-05,83300275,54609083617,0.1525
2022-11-06,83861884,54491434787,0.1539
2022-11-07,84051068,53480534752,0.1572
2022-11-08,84016899,53271971297,0.1577
2022-11-09,83908134,48132469622,0.1743
2022-11-10,84217495,42711258712,0.1972
2022-11-11,84227697,44464940514,0.1894
2022-11-12,84110119,43488230377,0.1934
2022-11-13,83956453,42778868949,0.1963
2022-11-14,83844574,41907488657,0.2001
2022-11-15,83982731,42087845822,0.1995
2022-11-16,84005899,42404372605,0.1981
2022-11-17,83941585,41743932094,0.2011
2022-11-18,83852522,41853728292,0.2003
2022-11-19,84156381,41748773390,0.2016
2022-11-20,84072368,41493718202,0.2026
2022-11-21,84045321,40275077993,0.2087
2022-11-22,84097250,40025048984,0.2101
2022-11-23,84289164,40018198331,0.2106
2022-11-24,86501134,40547256918,0.2133
2022-11-25,86582202,40286028085,0.2149
2022-11-26,86478436,40234606365,0.2149
2022-11-27,86557070,40736418981,0.2125
2022-11-28,86557070,40484110949,0.2138
2022-11-29,86705976,39827501456,0.2177
2022-11-30,87078994,40845742373,0.2132
2022-12-01,86988051,41390559228,0.2102
2022-12-02,87064015,41443241395,0.2101
2022-12-03,86745553,40931020966,0.2119
2022-12-04,86736521,40910385248,0.212
2022-12-05,86915841,41517500156,0.2093
2022-12-06,86829099,40990782271,0.2118
2022-12-07,86723806,41371216435,0.2096
2022-12-08,87557582,41338047271,0.2118
2022-12-09,87426166,41485194533,0.2107
2022-12-10,87445455,41449877114,0.211
2022-12-11,87472300,41739446041,0.2096
2022-12-12,87644022,41287863233,0.2123
2022-12-13,87616449,41250983753,0.2124
2022-12-14,87596051,41364461011,0.2118
2022-12-15,87606440,41274924793,0.2123
2022-12-16,87696388,40614722156,0.2159
2022-12-17,87839807,38797297084,0.2264
2022-12-18,87653875,39017027316,0.2247
2022-12-19,87627721,39122316617,0.224
2022-12-20,87653875,38507835468,0.2276
2022-12-21,87717232,39085570549,0.2244
2022-12-22,88011742,39072391077,0.2253
2022-12-23,87949350,39063549230,0.2251
2022-12-24,87967239,39004586700,0.2255
2022-12-25,88029630,39052605820,0.2254
2022-12-26,88092022,38673772455,0.2278
2022-12-27,88121396,38865599174,0.2267
2022-12-28,87979711,38660966911,0.2276
2022-12-29,88033363,38406767671,0.2292
2022-12-30,88190923,38399585723,0.2297
2022-12-31,88165330,38287326251,0.2303
2023-01-01,88253495,37828881444,0.2333
2023-01-02,88153689,38109123956,0.2313
2023-01-03,88159821,38310878747,0.2301
2023-01-04,88159821,38350479934,0.2299
2023-01-05,88247980,38990173381,0.2263
2023-01-06,88309193,38876282007,0.2272
2023-01-07,88494120,38957470028,0.2272
2023-01-08,88582614,39058726145,0.2268
2023-01-09,88477714,39789786863,0.2224
2023-01-10,88556940,40143405903,0.2206
2023-01-11,88408321,40340351147,0.2192
2023-01-12,89048027,41419855539,0.215
2023-01-13,88555887,41680714652,0.2125
2023-01-14,89455385,43848298092,0.204
2023-01-15,89404036,43830804995,0.204
2023-01-16,89582539,44210108457,0.2026
2023-01-17,89206535,44249699943,0.2016
2023-01-18,89155196,44394414696,0.2008
2023-01-19,89170012,43423391794,0.2054
2023-01-20,89199031,44105583969,0.2022
2023-01-21,89922499,46115377308,0.195
2023-01-22,90163452,45980755891,0.1961
2023-01-23,90073468,46077429240,0.1955
2023-01-24,89983074,46335511654,0.1942
2023-01-25,64269050,45609874143,0.1409
2023-01-26,64095369,46799215169,0.137
2023-01-27,65417973,46506573105,0.1407
2023-01-28,65417973,46993177416,0.1392
2023-01-29,65483391,46838648843,0.1398
2023-01-30,65399133,47793011024,0.1368
2023-01-31,91255916,46303087028,0.1971
2023-02-01,91629257,46767417513,0.1959
2023-02-02,91510214,48472199205,0.1888
2023-02-03,91654733,48040334003,0.1908
2023-02-04,93969469,48248099353,0.1948
2023-02-05,93859887,48181572439,0.1948
2023-02-06,93930825,47765782931,0.1966
2023-02-07,93997592,47563219698,0.1976
2023-02-08,93780148,48736505414,0.1924
2023-02-09,93784388,48260670441,0.1943
2023-02-10,93341016,46166139621,0.2022
2023-02-11,94080228,45962241993,0.2047
2023-02-12,94394628,46466250355,0.2031
2023-02-13,94045279,46225768337,0.2034
2023-02-14,94350213,45877082295,0.2057
2023-02-15,95553453,46664370853,0.2048
2023-02-16,95662322,49381714441,0.1937
2023-02-17,95530810,48491715730,0.197
2023-02-18,95648911,49790560271,0.1921
2023-02-19,95571667,50091237619,0.1908
2023-02-20,95556408,49804444313,0.1919
2023-02-21,95489175,50458360575,0.1892
2023-02-22,95733505,49428479181,0.1937
2023-02-23,95653519,49179278084,0.1945
2023-02-24,96305230,49204345916,0.1957
2023-02-25,96331828,48248853211,0.1997
2023-02-26,96361041,47982551555,0.2008
2023-02-27,96476641,48993571969,0.1969
2023-02-28,96450121,48998539729,0.1968
2023-03-01,96784669,48680905001,0.1988
2023-03-02,96387469,49560022581,0.1945
2023-03-03,96769128,49179925553,0.1968
2023-03-04,96669115,47679269893,0.2027
2023-03-05,96762419,47592801398,0.2033
2023-03-06,96653536,47670985376,0.2028
2023-03-07,96692371,47606224936,0.2031
2023-03-08,96859085,47399780806,0.2043
2023-03-09,96655684,46446653966,0.2081
2023-03-10,96804138,44223233315,0.2189
2023-03-11,97464693,43814899081,0.2224
2023-03-12,95310601,42177359676,0.226
2023-03-13,97531283,45561256835,0.2141
2023-03-14,97994956,46454160736,0.2109
2023-03-15,98265234,46900196666,0.2095
2023-03-16,98440572,45750730750,0.2152
2023-03-17,98656994,45653380277,0.2161
2023-03-18,98604573,48137835158,0.2048
2023-03-19,98757892,47951191953,0.206
2023-03-20,98606452,48125880871,0.2049
2023-03-21,99010884,48105249563,0.2058
2023-03-22,98786692,48905923589,0.202
2023-03-23,98953236,48073745568,0.2058
2023-03-24,98810758,49092625575,0.2013
2023-03-25,99016906,48058162994,0.206
2023-03-26,99142301,47961860269,0.2067
2023-03-27,98596018,48241210899,0.2044
2023-03-28,98579378,47320441843,0.2083
2023-03-29,98731489,47843512741,0.2064
2023-03-30,98823958,48488140751,0.2038
2023-03-31,98999911,48632134898,0.2036
2023-04-01,99182521,48996069125,0.2024
2023-04-02,99268764,48955856393,0.2028
2023-04-03,99268764,48496332517,0.2047
2023-04-04,99283074,48611051737,0.2042
2023-04-05,99114026,49829493443,0.1989
2023-04-06,99251704,49670307957,0.1998
2023-04-07,99163529,49491476572,0.2004
2023-04-08,99990739,49214443448,0.2032
2023-04-09,99916991,49287856728,0.2027
2023-04-10,100062470,49418283309,0.2025
2023-04-11,99755364,50238948786,0.1986
2023-04-12,100168497,50051905880,0.2001
2023-04-13,101301640,50078762021,0.2023
2023-04-14,101576723,52313162576,0.1942
2023-04-15,101610807,52450506487,0.1937
2023-04-16,101496057,52512126964,0.1933
2023-04-17,101454553,52180997324,0.1944
2023-04-18,101640874,51405304642,0.1977
2023-04-19,101572781,52102706414,0.1949
2023-04-20,101608442,49766471624,0.2042
2023-04-21,102660059,49236175284,0.2085
2023-04-22,102711921,47668371198,0.2155
2023-04-23,102712252,47751523162,0.2151
2023-04-24,102413370,47719113080,0.2146
2023-04-25,102974812,47261238474,0.2179
2023-04-26,102846021,47851518182,0.2149
2023-04-27,102791648,48479191930,0.212
2023-04-28,103139132,48523710615,0.2126
2023-04-29,102783486,48207527800,0.2132
2023-04-30,103045425,48429582192,0.2128
2023-05-01,103007972,48028076572,0.2145
2023-05-02,102158532,46909367839,0.2178
2023-05-03,102109079,47490540668,0.215
2023-05-04,102290002,48220627840,0.2121
2023-05-05,102182377,48048677029,0.2127
2023-05-06,102974865,49692916552,0.2072
2023-05-07,102974865,48398700250,0.2128
2023-05-08,102769924,47925767397,0.2144
2023-05-09,102760684,46678079512,0.2201
2023-05-10,102819871,46829086239,0.2196
2023-05-11,102623985,46571370322,0.2204
2023-05-12,102896142,45855332539,0.2244
2023-05-13,104168483,45854956452,0.2272
2023-05-14,104141904,45776352620,0.2275
2023-05-15,104030739,45722922869,0.2275
2023-05-16,104080817,46231615398,0.2251
2023-05-17,104179715,46275821533,0.2251
2023-05-18,104111209,46397730877,0.2244
2023-05-19,105841667,46122025607,0.2295
2023-05-20,105852298,46216686491,0.229
2023-05-21,106011679,46686497597,0.2271
2023-05-22,106037381,46259061443,0.2292
2023-05-23,105438723,46615534318,0.2262
2023-05-24,105610999,47178803678,0.2239
2023-05-25,105451785,45877116961,0.2299
2023-05-26,105944860,45918110263,0.2307
2023-05-27,105995364,46214185951,0.2294
2023-05-28,106309494,46502158418,0.2286
2023-05-29,106092212,47645507388,0.2227
2023-05-30,106028941,47109559440,0.2251
2023-05-31,106140276,47069768513,0.2255
2023-06-01,105735843,45782318600,0.231
2023-06-02,105930430,45662063704,0.232
2023-06-03,105929030,46495162916,0.2278
2023-06-04,105969759,46282635583,0.229
2023-06-05,106060902,46232004407,0.2294
2023-06-06,106072593,44524155343,0.2382
2023-06-07,106069945,45685263100,0.2322
2023-06-08,105962548,44465216090,0.2383
2023-06-09,106223169,44537532878,0.2385
2023-06-10,106157444,43988776228,0.2413
2023-06-11,106202609,42124956976,0.2521
2023-06-12,105997350,42124135988,0.2516
2023-06-13,106052832,41873458283,0.2533
2023-06-14,106155751,42080843434,0.2523
2023-06-15,106201762,40655952963,0.2612
2023-06-16,106124293,40606080108,0.2614
2023-06-17,106484311,41343431638,0.2576
2023-06-18,106518994,41644884876,0.2558
2023-06-19,106635134,41562882919,0.2566
2023-06-20,106525818,41828707044,0.2547
2023-06-21,106516452,43094351524,0.2472
2023-06-22,106519129,44627698343,0.2387
2023-06-23,106541499,44135224148,0.2414
2023-06-24,107196787,44382755604,0.2415
2023-06-25,107113416,44172391079,0.2425
2023-06-26,107087118,44510077645,0.2406
2023-06-27,107176689,44125064439,0.2429
2023-06-28,107039291,44252528587,0.2419
2023-06-29,107068391,43414223093,0.2466
2023-06-30,107707530,43894244266,0.2454
2023-07-01,107685351,45000938317,0.2393
2023-07-02,107784315,44921015263,0.2399
2023-07-03,107784315,45072930709,0.2391
2023-07-04,107892099,45315421781,0.2381
2023-07-05,107712115,44996834113,0.2394
2023-07-06,107731653,44476654366,0.2422
2023-07-07,107678392,43523899369,0.2474
2023-07-08,107757568,43957337471,0.2451
2023-07-09,107747963,44010442426,0.2448
2023-07-10,108072513,43922695451,0.2461
2023-07-11,107739739,44040522575,0.2446
2023-07-12,107839854,44179231347,0.2441
2023-07-13,108051562,43967642901,0.2458
2023-07-14,108142114,45705361929,0.2366
2023-07-15,108319861,44633469883,0.2427
2023-07-16,108408328,44789203274,0.242
2023-07-17,108347880,44536652690,0.2433
2023-07-18,108388996,44425021304,0.244
2023-07-19,108665143,44073998975,0.2466
2023-07-20,108539726,43801228126,0.2478
2023-07-21,108576329,43823561702,0.2478
2023-07-22,108649946,43879520908,0.2476
2023-07-23,108605312,43355855872,0.2505
2023-07-24,108587157,43684153174,0.2486
2023-07-25,108639403,42793087799,0.2539
2023-07-26,108676903,42764210106,0.2541
2023-07-27,108707824,42983610999,0.2529
2023-07-28,108268628,42953955311,0.2521
2023-07-29,108373491,43252649482,0.2506
2023-07-30,108374662,43560758084,0.2488
2023-07-31,108435199,41300120967,0.2626
2023-08-01,108450708,40617400849,0.267
2023-08-02,108667297,40244084522,0.27
2023-08-03,108707629,39809082644,0.2731
2023-08-04,108824880,40263886011,0.2703
2023-08-05,108978596,40215338268,0.271
2023-08-06,108970613,40336691250,0.2702
2023-08-07,108975571,40414556917,0.2696
2023-08-08,109073528,40733129524,0.2678
2023-08-09,108972104,41237293070,0.2643
2023-08-10,105583630,41243139743,0.256
2023-08-11,107061218,41526199605,0.2578
2023-08-12,107052475,41682077545,0.2568
2023-08-13,107037866,41701821135,0.2567
2023-08-14,107062877,41569596294,0.2576
2023-08-15,107055377,41579214017,0.2575
2023-08-16,107016327,41006562946,0.261
2023-08-17,106979571,40089139913,0.2669
2023-08-18,107012274,38408598397,0.2786
2023-08-19,107274517,38079912707,0.2817
2023-08-20,107189973,38239342152,0.2803
2023-08-21,107187124,38066098782,0.2816
2023-08-22,107103648,37885232374,0.2827
2023-08-23,107409055,37402147309,0.2872
2023-08-24,107475467,38124299717,0.2819
2023-08-25,107464946,37850324747,0.2839
2023-08-26,107924320,37647428522,0.2867
2023-08-27,107921747,37610890837,0.2869
2023-08-28,107914569,37841634901,0.2852
2023-08-29,107923310,37849943068,0.2851
2023-08-30,108101042,39002937138,0.2772
2023-08-31,108373053,38495399312,0.2815
2023-09-01,108195106,37623870615,0.2876
2023-09-02,109060026,37465965849,0.2911
2023-09-03,109113410,37563195874,0.2905
2023-09-04,109076263,37653471861,0.2897
2023-09-05,109098373,37480752017,0.2911
2023-09-06,110030194,37716810319,0.2917
2023-09-07,110040384,37594116458,0.2927
2023-09-08,110031588,37968365237,0.2898
2023-09-09,110013116,37664398861,0.2921
2023-09-10,110042903,37598319352,0.2927
2023-09-11,110160692,37335390944,0.2951
2023-09-12,110105365,36244788811,0.3038
2023-09-13,110203287,36929240328,0.2984
2023-09-14,110118296,37259251666,0.2955
2023-09-15,110082245,37557760194,0.2931
2023-09-16,110668635,38719381433,0.2858
2023-09-17,110655602,38498364068,0.2874
2023-09-18,110602682,38297995242,0.2888
2023-09-19,110694545,38515685549,0.2874
2023-09-20,110669498,38737844291,0.2857
2023-09-21,110984869,38432816382,0.2888
2023-09-22,111325710,37727424670,0.2951
2023-09-23,111318376,37915566490,0.2936
2023-09-24,111307985,37836154360,0.2942
2023-09-25,111412811,37454301858,0.2975
2023-09-26,111293669,37672959878,0.2954
2023-09-27,111282337,37692878875,0.2952
2023-09-28,113497233,37701396218,0.301
2023-09-29,114116963,38427843784,0.297
2023-09-30,114325187,38534436127,0.2967
2023-10-01,114328279,38541815560,0.2966
2023-10-02,114386021,39500354100,0.2896
2023-10-03,114466893,38615320629,0.2964
2023-10-04,115809276,38322246415,0.3022
2023-10-05,115740256,38504941572,0.3006
2023-10-06,116186893,38149046099,0.3046
2023-10-07,116812820,38540210656,0.3031
2023-10-08,116873812,38465673684,0.3038
2023-10-09,116875575,38263925657,0.3054
2023-10-10,116820958,37508107962,0.3115
2023-10-11,117134795,36888283994,0.3175
2023-10-12,117296137,36572518223,0.3207
2023-10-13,117708844,36029196770,0.3267
2023-10-14,117683399,36577281131,0.3217
2023-10-15,117710505,36620417455,0.3214
2023-10-16,117844199,36653787191,0.3215
2023-10-17,117944531,37287917022,0.3163
2023-10-18,118090874,36866741194,0.3203
2023-10-19,118133587,36523572886,0.3234
2023-10-20,118371006,36761990081,0.322
2023-10-21,118305012,37384042146,0.3165
2023-10-22,118351394,38046845889,0.3111
2023-10-23,118440590,38697044530,0.3061
2023-10-24,118706449,40782619149,0.2911
2023-10-25,118226775,40669722181,0.2907
2023-10-26,118718309,41098687585,0.2889
2023-10-27,119307060,41077447414,0.2904
2023-10-28,119347934,40738682895,0.293
2023-10-29,119309333,41219925989,0.2894
2023-10-30,119528319,41627248081,0.2871
2023-10-31,119517034,42263607311,0.2828
2023-11-01,119387538,41933222890,0.2847
2023-11-02,119543367,42847818195,0.279
2023-11-03,119423333,42075384852,0.2838
2023-11-04,119556807,42894554522,0.2787
2023-11-05,119553560,43666242913,0.2738
2023-11-06,119647010,43623404992,0.2743
2023-11-07,119527482,43825723636,0.2727
2023-11-08,119622009,43829189658,0.2729
2023-11-09,119718219,44343501261,0.27
2023-11-10,120136182,46633128095,0.2576
2023-11-11,120199375,46713941111,0.2573
2023-11-12,120328764,46521537503,0.2587
2023-11-13,120214977,46726625990,0.2573
2023-11-14,120197638,45943175672,0.2616
2023-11-15,120080277,45476538836,0.264
2023-11-16,120539948,47194395567,0.2554
2023-11-17,120619994,45462488813,0.2653
2023-11-18,121511816,45573246210,0.2666
2023-11-19,121269277,45774476577,0.2649
2023-11-20,121191528,46772106400,0.2591
2023-11-21,121261549,46791540223,0.2592
2023-11-22,121069616,44838071369,0.27
2023-11-23,121418409,46752755079,0.2597
2023-11-24,121418058,46758137967,0.2597
2023-11-25,121644822,47046038886,0.2586
2023-11-26,121644822,46916196205,0.2593
2023-11-27,121644822,46174589900,0.2634
2023-11-28,121704825,45613780248,0.2668
2023-11-29,121734072,46103807966,0.264
2023-11-30,122401928,45917956989,0.2666
2023-12-01,122279649,46220265021,0.2646
2023-12-02,122211456,46806134727,0.2611
2023-12-03,122254256,48075560080,0.2543
2023-12-04,122401928,48557851808,0.2521
2023-12-05,122215020,49177597789,0.2485
2023-12-06,122256513,50306669582,0.243
2023-12-07,122372681,49488485837,0.2473
2023-12-08,122621284,50978471800,0.2405
2023-12-09,123088511,51785236549,0.2377
2023-12-10,123182997,51347575778,0.2399
2023-12-11,123182997,50919357186,0.2419
2023-12-12,123937555,49648429285,0.2496
2023-12-13,123884078,49383909807,0.2509
2023-12-14,123832298,50574351813,0.2449
2023-12-15,123936703,51748144400,0.2395
2023-12-16,123980329,49997035375,0.248
2023-12-17,124102511,50297521914,0.2467
2023-12-18,124302388,49776002932,0.2497
2023-12-19,123995650,50799884368,0.2441
2023-12-20,123704847,50295862902,0.246
2023-12-21,124234240,51353824071,0.2419
2023-12-22,123992843,52012552367,0.2384
2023-12-23,124705286,52983746685,0.2354
2023-12-24,124580046,53075057390,0.2347
2023-12-25,124660035,52691738722,0.2366
2023-12-26,124738957,52919557368,0.2357
2023-12-27,124744167,52205534494,0.2389
2023-12-28,124883994,54157820005,0.2306
2023-12-29,124756517,53399508854,0.2336
2023-12-30,124709971,52731486559,0.2365
2023-12-31,124652535,52792679661,0.2361
2024-01-01,124850887,52578508068,0.2375
2024-01-02,124933383,54748129594,0.2282
2024-01-03,124945474,54607850133,0.2288
2024-01-04,124884282,52059311178,0.2399
2024-01-05,125378786,53568955331,0.2341
2024-01-06,125465728,53214045163,0.2358
2024-01-07,125380170,52775176055,0.2376
2024-01-08,125359351,52030476978,0.2409
2024-01-09,125431964,54027206829,0.2322
2024-01-10,125437970,54162299446,0.2316
2024-01-11,125499449,57337425745,0.2189
2024-01-12,126465091,57717486321,0.2191
2024-01-13,126507463,55517563542,0.2279
2024-01-14,126411496,56335110693,0.2244
2024-01-15,126493867,55576668318,0.2276
2024-01-16,126237104,55845290617,0.226
2024-01-17,126331707,56650196395,0.223
2024-01-18,126277611,55985640268,0.2256
2024-01-19,127225258,54870704140,0.2319
2024-01-20,127355498,55044823818,0.2314
2024-01-21,127367706,55023086540,0.2315
2024-01-22,127424958,54861721583,0.2323
2024-01-23,127491513,52864452752,0.2412
2024-01-24,127606166,52241330405,0.2443
2024-01-25,127463389,52429869767,0.2431
2024-01-26,128209065,52440026749,0.2445
2024-01-27,128207977,53791587824,0.2383
2024-01-28,128221531,54031900302,0.2373
2024-01-29,128345586,53983129192,0.2378
2024-01-30,128802217,55146941946,0.2336
2024-01-31,128833025,54979343537,0.2343
2024-02-01,128615924,53856534332,0.2388
2024-02-02,128530825,54649921449,0.2352
2024-02-03,129091476,54975147067,0.2348
2024-02-04,128982234,54502582773,0.2367
2024-02-05,129023037,54413767320,0.2371
2024-02-06,128995133,55891751085,0.2308
2024-02-07,129088528,57609495006,0.2241
2024-02-08,129189729,58976891617,0.2191
2024-02-09,130722055,60072346142,0.2176
2024-02-10,130570390,61942559400,0.2108
2024-02-11,130758106,62162611545,0.2103
2024-02-12,130952750,62373072349,0.21
2024-02-13,130761422,64863154492,0.2016
2024-02-14,130856872,64379107499,0.2033
2024-02-15,130657700,67085546137,0.1948
2024-02-16,131288969,67233300562,0.1953
2024-02-17,131099598,66923465254,0.1959
2024-02-18,131209879,66908267058,0.1961
2024-02-19,131516011,68524120753,0.1919
2024-02-20,131846781,69696002398,0.1892
2024-02-21,131616280,70295614988,0.1872
2024-02-22,131592790,69657515664,0.1889
2024-02-23,131616280,69766701989,0.1887
2024-02-24,131973059,68816609585,0.1918
2024-02-25,132008771,70099830579,0.1883
2024-02-26,132165320,71621866206,0.1845
2024-02-27,132130162,73801725030,0.179
2024-02-28,131909015,75272013319,0.1752
2024-02-29,131521541,78416972586,0.1677
2024-03-01,132102981,78112693644,0.1691
2024-03-02,132368404,80545212423,0.1643
2024-03-03,133211412,80600616744,0.1653
2024-03-04,132976809,82088852692,0.162
2024-03-05,132808740,84562220703,0.1571
2024-03-06,131929770,82373422101,0.1602
2024-03-07,132911196,87682168460,0.1516
2024-03-08,171311162,88508625656,0.1936
2024-03-09,133847483,89947658810,0.1488
2024-03-10,134778029,90554129228,0.1488
2024-03-11,133832593,90468648493,0.1479
2024-03-12,176426793,94569658350,0.1866
2024-03-13,176535975,93017600341,0.1898
2024-03-14,158222804,94454566901,0.1675
2024-03-15,159098406,92408396617,0.1722
2024-03-16,131814379,90154385710,0.1462
2024-03-17,131795196,85648619485,0.1539
2024-03-18,132755350,88638936863,0.1498
2024-03-19,164453622,86359549583,0.1904
2024-03-20,164381696,79643223723,0.2064
2024-03-21,164092201,87333184331,0.1879
2024-03-22,164521989,86553339137,0.1901
2024-03-23,133111124,83902252644,0.1587
2024-03-24,132552080,85109105572,0.1557
2024-03-25,132958683,87683001577,0.1516
2024-03-26,156244782,91168568055,0.1714
2024-03-27,206242505,91290946724,0.2259
2024-03-28,217439324,89898208504,0.2419
2024-03-29,134126476,91620953118,0.1464
2024-03-30,134226476,90991531545,0.1475
2024-03-31,134022430,90932669346,0.1474
2024-04-01,134258476,93214778539,0.144
2024-04-02,220749521,90903738712,0.2428
2024-04-03,219949285,86715584550,0.2536
2024-04-04,219489831,87493733966,0.2509
2024-04-05,220554649,88182146119,0.2501
2024-04-06,134266979,88011145023,0.1526
2024-04-07,133944485,89016354072,0.1505
2024-04-08,133590239,90351193712,0.1479
2024-04-09,220354734,95245382053,0.2314
2024-04-10,218599920,92134842412,0.2373
2024-04-11,218466832,93051744469,0.2348
2024-04-12,219049256,93598534587,0.234
2024-04-13,132554711,86032756602,0.1541
2024-04-14,132691267,79229761767,0.1675
2024-04-15,133174181,83678966785,0.1591
2024-04-16,232033457,83366588440,0.2783
2024-04-17,232051059,82430491262,0.2815
2024-04-18,232345723,80761108156,0.2877
2024-04-19,232737465,82736982400,0.2813
2024-04-20,133023926,83486547674,0.1593
2024-04-21,133094681,85829519937,0.1551
2024-04-22,133435200,86026959490,0.1551
2024-04-23,235195877,87434880489,0.269
2024-04-24,226430200,87959549676,0.2574
2024-04-25,227281833,85445459295,0.266
2024-04-26,229193598,86067552684,0.2663
2024-04-27,133118710,85195780620,0.1563
2024-04-28,133262658,87193695768,0.1528
2024-04-29,133352368,87526408688,0.1524
2024-04-30,229367161,85839704871,0.2672
2024-05-01,230033033,81301356753,0.2829
2024-05-02,229579008,81179196703,0.2828
2024-05-03,218879750,82421091663,0.2656
2024-05-04,134208098,85704336767,0.1566
2024-05-05,134745985,86401534895,0.156
2024-05-06,134299726,87062817593,0.1543
2024-05-07,220572148,85696940843,0.2574
2024-05-08,219569167,84623968193,0.2595
2024-05-09,218918856,83042524004,0.2636
2024-05-10,219945988,84623478555,0.2599
2024-05-11,134036564,82354756835,0.1628
2024-05-12,132929626,82651568596,0.1608
2024-05-13,133761870,83052805587,0.1611
2024-05-14,236978212,83151013246,0.285
2024-05-15,238526187,81697388705,0.292
2024-05-16,241811049,85411568372,0.2831
2024-05-17,234868043,84597587673,0.2776
2024-05-18,134747791,87566131875,0.1539
2024-05-19,134806022,88180545725,0.1529
2024-05-20,135007404,87248608641,0.1547
2024-05-21,250484964,97063290879,0.2581
2024-05-22,250567679,98647865939,0.254
2024-05-23,249508585,98906572298,0.2523
2024-05-24,245930137,98190205938,0.2505
2024-05-25,135659297,98164382861,0.1382
2024-05-26,135291499,98725770878,0.137
2024-05-27,135402977,100276630924,0.135
2024-05-28,135647294,100886526782,0.1345
2024-05-29,246817946,99861694981,0.2472
2024-05-30,246945596,98551366064,0.2506
2024-05-31,247462823,98385083932,0.2515
2024-06-01,137192931,99183403171,0.1383
2024-06-02,136707335,99966658424,0.1368
2024-06-03,136816958,99699454120,0.1372
2024-06-04,251344612,99548908843,0.2525
2024-06-05,270316717,101092698481,0.2674
2024-06-06,271206263,102308194020,0.2651
2024-06-07,271453337,101540365065,0.2673
2024-06-08,138050000,98993974587,0.1395
2024-06-09,138728251,98424857609,0.1409
2024-06-10,138732655,98861689591,0.1403
2024-06-11,271683357,97404530156,0.2789
2024-06-12,272069279,94817279533,0.2869
2024-06-13,272276109,96406950239,0.2824
2024-06-14,272522521,94506169458,0.2884
2024-06-15,138628645,94099709178,0.1473
2024-06-16,139031469,95478902813,0.1456
2024-06-17,138701855,96292603366,0.144
2024-06-18,267853236,94149863463,0.2845
2024-06-19,139006323,93025109415,0.1494
2024-06-20,138762443,94060502653,0.1475
2024-06-21,268002173,92319425710,0.2903
2024-06-22,138990139,92638932420,0.15
2024-06-23,138905078,92868061408,0.1496
2024-06-24,138741839,90484576042,0.1533
2024-06-25,268191304,89136772412,0.3009
2024-06-26,260973593,90794686116,0.2874
2024-06-27,260466535,90012568552,0.2894
2024-06-28,260174676,91051224630,0.2857
2024-06-29,139659109,89270250282,0.1564
2024-06-30,139669076,89523518263,0.156
2024-07-01,139806237,91189304233,0.1533
2024-07-02,242490635,91709105739,0.2644
2024-07-03,241831695,90721537212,0.2666
2024-07-04,139632501,88197602889,0.1583
2024-07-05,139955632,83857951598,0.1669
2024-07-06,140149377,82253468553,0.1704
2024-07-07,139916004,83395050589,0.1678
2024-07-08,140616584,80789424271,0.1741
2024-07-09,243055941,82821359767,0.2935
2024-07-10,242164186,83906191303,0.2886
2024-07-11,235866436,84601434879,0.2788
2024-07-12,226988039,84752270133,0.2678
2024-07-13,142618331,85233241988,0.1673
2024-07-14,142618878,86483615297,0.1649
2024-07-15,142469708,88811406559,0.1604
2024-07-16,227847604,91878944700,0.248
2024-07-17,224064069,92724121378,0.2416
2024-07-18,224518563,91961719496,0.2441
2024-07-19,224640826,91808244247,0.2447
2024-07-20,143098128,94507809711,0.1514
2024-07-21,143821094,94972710244,0.1514
2024-07-22,143408148,95469332657,0.1502
2024-07-23,224868596,94558916012,0.2378
2024-07-24,225478071,94388566940,0.2389
2024-07-25,227413576,91503774640,0.2485
2024-07-26,228432065,89944968215,0.254
2024-07-27,145892491,92434455562,0.1578
2024-07-28,145834130,92700562943,0.1573
2024-07-29,146225467,92857583017,0.1575
2024-07-30,234220618,93604911740,0.2502
2024-07-31,234173229,92183431918,0.254
2024-08-01,234153462,90545025179,0.2586
2024-08-02,243681826,89557751097,0.2721
2024-08-03,244219197,85278214614,0.2864
2024-08-04,244135896,83004683403,0.2941
2024-08-05,244472314,77214280929,0.3166
2024-08-06,225388280,73003582897,0.3087
2024-08-07,227533817,75385977995,0.3018
2024-08-08,235187984,73115744949,0.3217
2024-08-09,238216368,78869445640,0.302
2024-08-10,242872097,79114516349,0.307
2024-08-11,242940939,79503399155,0.3056
2024-08-12,241802963,77469868925,0.3121
2024-08-13,253041009,79212427305,0.3194
2024-08-14,252650290,80734857454,0.3129
2024-08-15,255851226,78907705104,0.3242
2024-08-16,255102525,77955095855,0.3272
2024-08-17,256295310,78908440083,0.3248
2024-08-18,256421346,79169392290,0.3239
2024-08-19,256954935,79796289748,0.322
2024-08-20,256691080,79776118086,0.3218
2024-08-21,256795994,79574298803,0.3227
2024-08-22,257996338,81119917215,0.318
2024-08-23,262537640,80832395539,0.3248
2024-08-24,262036431,84896922852,0.3087
2024-08-25,262370714,84572849083,0.3102
2024-08-26,263080458,85005725672,0.3095
2024-08-27,262030750,82942554790,0.3159
2024-08-28,258924233,78100110963,0.3315
2024-08-29,259309332,78566435708,0.3301
2024-08-30,260670337,78598095372,0.3316
2024-08-31,261447329,78445178422,0.3333
2024-09-01,262219758,78228408730,0.3352
2024-09-02,262137537,76535254077,0.3425
2024-09-03,262104405,78634515971,0.3333
2024-09-04,260954624,76629305850,0.3405
2024-09-05,264745213,77396167350,0.3421
2024-09-06,264412890,75804879579,0.3488
2024-09-07,263859751,72335562753,0.3648
2024-09-08,265116615,73619465666,0.3601
2024-09-09,265233552,74528678799,0.3559
2024-09-10,252688609,76602306540,0.3299
2024-09-11,249818056,77099642383,0.324
2024-09-12,250112705,76572717390,0.3266
2024-09-13,249424271,77299840568,0.3227
2024-09-14,251593537,79820648369,0.3152
2024-09-15,250823948,79117002624,0.317
2024-09-16,250854189,77692647087,0.3229
2024-09-17,251112447,75915919354,0.3308
2024-09-18,252123396,77599775635,0.3249
2024-09-19,252407715,77609346197,0.3252
2024-09-20,253308985,80501664190,0.3147
2024-09-21,253595817,82506512973,0.3074
2024-09-22,254020711,83113241339,0.3056
2024-09-23,253932724,82449048106,0.308
2024-09-24,253399889,84289663707,0.3006
2024-09-25,255227160,84948239098,0.3005
2024-09-26,255059635,83399555727,0.3058
2024-09-27,255842337,85491844461,0.2993
2024-09-28,256641192,86624212737,0.2963
2024-09-29,256462652,86077594527,0.2979
2024-09-30,256429468,86118127254,0.2978
2024-10-01,259009187,84387457138,0.3069
2024-10-02,259454705,81120904472,0.3198
2024-10-03,259887549,78791850520,0.3298
2024-10-04,260176833,78527797875,0.3313
2024-10-05,260795590,80495051559,0.324
2024-10-06,260759066,80194522989,0.3252
2024-10-07,260880015,79724663321,0.3272
2024-10-08,260269225,80229722690,0.3244
2024-10-09,265726328,79411785026,0.3346
2024-10-10,266471282,77826897530,0.3424
2024-10-11,267566428,77656940106,0.3445
2024-10-12,266351430,80346830751,0.3315
2024-10-13,266654680,81400287117,0.3276
2024-10-14,266963671,81131253299,0.3291
2024-10-15,267913777,84649378152,0.3165
2024-10-16,267940557,83700923586,0.3201
2024-10-17,272860231,83644811192,0.3262
2024-10-18,276281962,82432293569,0.3352
2024-10-19,280106724,83205482525,0.3366
2024-10-20,279385901,83263302310,0.3355
2024-10-21,278932913,85319992505,0.3269
2024-10-22,278646340,85433071596,0.3262
2024-10-23,275358407,85428187186,0.3223
2024-10-24,266953639,83407386226,0.3201
2024-10-25,265712865,84773457540,0.3134
2024-10-26,266761102,82471310575,0.3235
2024-10-27,266347186,82781024162,0.3217
2024-10-28,267351414,82871754660,0.3226
2024-10-29,266637026,84328912318,0.3162
2024-10-30,269968012,86299254796,0.3128
2024-10-31,269704676,86754413749,0.3109
2024-11-01,270409700,83727439729,0.323
2024-11-02,269853273,83610805476,0.3227
2024-11-03,269747400,83141998815,0.3244
2024-11-04,271135112,82466873906,0.3288
2024-11-05,270580336,80657249747,0.3355
2024-11-06,276158742,82399644591,0.3351
2024-11-07,265888099,89527259110,0.297
2024-11-08,287108157,92270017406,0.3112
2024-11-09,288632304,93629390404,0.3083
2024-11-10,290197130,96708140024,0.3001
2024-11-11,290453335,99250771747,0.2926
2024-11-12,302386308,103864166988,0.2911
2024-11-13,300011438,103355070018,0.2903
2024-11-14,298588075,101948142133,0.2929
2024-11-15,297726553,99466218156,0.2993
2024-11-16,300746333,101612394795,0.296
2024-11-17,300115493,102586262822,0.2925
2024-11-18,299466892,102081328762,0.2934
2024-11-19,299648849,104622020691,0.2864
2024-11-20,301264379,103340519668,0.2915
2024-11-21,301265729,103030991697,0.2924
2024-11-22,304248917,109774609395,0.2772
2024-11-23,304388596,110237005065,0.2761
2024-11-24,305047029,111974846248,0.2724
2024-11-25,305068294,111544521171,0.2735
2024-11-26,303509766,110051454677,0.2758
2024-11-27,300197402,108567301504,0.2765
2024-11-28,306723779,116983252175,0.2622
2024-11-29,306224266,115789496319,0.2645
2024-11-30,306564658,117491210598,0.2609
2024-12-01,306920937,119803645640,0.2562
2024-12-02,307598018,120258371171,0.2558
2024-12-03,305915122,118665765230,0.2578
2024-12-04,310386338,126811942624,0.2448
2024-12-05,310842680,125493711185,0.2477
2024-12-06,309062884,124441588595,0.2484
2024-12-07,311011593,129699965915,0.2398
2024-12-08,310591945,129931705327,0.239
2024-12-09,348814410,129805615334,0.2687
2024-12-10,347938569,120163790479,0.2896
2024-12-11,348164465,120138295565,0.2898
2024-12-12,351534793,126746722061,0.2774
2024-12-13,351301635,127975390669,0.2745
2024-12-14,353610524,129007504869,0.2741
2024-12-15,353651419,128061247290,0.2762
2024-12-16,364904923,130974497861,0.2786
2024-12-17,421324311,133189223888,0.3163
2024-12-18,424566306,130425089103,0.3255
2024-12-19,422892636,123721101416,0.3418
2024-12-20,439934512,117774934692,0.3735
2024-12-21,445652856,118049935872,0.3775
2024-12-22,447173974,114715585049,0.3898
2024-12-23,451201850,113932670233,0.396
2024-12-24,458172813,117630437913,0.3895
2024-12-25,466618781,120735311522,0.3865
2024-12-26,468326542,120724770044,0.3879
2024-12-27,466119581,116428642525,0.4003
2024-12-28,465996868,116047902237,0.4016
2024-12-29,467284651,118351723083,0.3948
2024-12-30,466202864,116779531038,0.3992
2024-12-31,465837316,116015745962,0.4015
2025-01-01,465330213,115547465523,0.4027
2025-01-02,466050896,117266635381,0.3974
2025-01-03,465533567,120052849464,0.3878
2025-01-04,472137906,124260860607,0.38
2025-01-05,472809614,125515469161,0.3767
2025-01-06,473280049,125198529475,0.378
2025-01-07,461013038,126830735869,0.3635
2025-01-08,459925841,118607005684,0.3878
2025-01-09,453703135,116788205172,0.3885
2025-01-10,459571601,113722652535,0.4041
2025-01-11,458018146,115989640562,0.3949
2025-01-12,458639808,116535164579,0.3936
2025-01-13,457585820,115395760575,0.3965
2025-01-14,453425767,112941065159,0.4015
2025-01-15,465529198,116136751570,0.4008
2025-01-16,466395372,122286678500,0.3814
2025-01-17,482630242,120008195111,0.4022
2025-01-18,475412021,125019994783,0.3803
2025-01-19,499471494,121993837781,0.4094
2025-01-20,499038012,119239833459,0.4185
2025-01-21,497457829,120174709938,0.4139
2025-01-22,494009299,122958127318,0.4018
2025-01-23,492060711,121720384185,0.4043
2025-01-24,492803935,122750220586,0.4015
2025-01-25,492594631,122409295586,0.4024
2025-01-26,491872306,123270724804,0.399
2025-01-27,490813036,121082692743,0.4054
2025-01-28,487147873,117820982104,0.4135
2025-01-29,478520400,115538298920,0.4142
2025-01-30,479850921,117630525999,0.4079
2025-01-31,476365970,120837213953,0.3942
2025-02-01,472094631,119765062213,0.3942
2025-02-02,480129875,115242335258,0.4166
2025-02-03,478050707,106910880054,0.4471
2025-02-04,478727781,109749772270,0.4362
2025-02-05,481436497,106029117211,0.4541
2025-02-06,481327241,106792665393,0.4507
2025-02-07,480877566,106462733437,0.4517
2025-02-08,480887726,106013132848,0.4536
2025-02-09,483766175,106791720828,0.453
2025-02-10,483212543,106826652507,0.4523
2025-02-11,480763507,108364683517,0.4437
2025-02-12,479363505,107056390385,0.4478
2025-02-13,481542114,110807707793,0.4346
2025-02-14,480875482,109347159514,0.4398
2025-02-15,482862771,110356813863,0.4375
2025-02-16,483224781,109900545337,0.4397
2025-02-17,483077812,108998580215,0.4432
2025-02-18,481707403,108830384524,0.4426
2025-02-19,480267538,107125368300,0.4483
2025-02-20,498967876,109015229898,0.4577
2025-02-21,494396716,110353666431,0.448
2025-02-22,502958754,106973285183,0.4702
2025-02-23,503050834,109045265285,0.4613
2025-02-24,504156725,110343217577,0.4569
2025-02-25,499392421,102521468469,0.4871
2025-02-26,533907139,100711553774,0.5301
2025-02-27,532085964,96061073973,0.5539
2025-02-28,523158320,95828532520,0.5459
2025-03-01,508509256,96138184293,0.5289
2025-03-02,508292174,96518895377,0.5266
2025-03-03,505490228,104749728632,0.4826
2025-03-04,479039523,94677896729,0.506
2025-03-05,478373459,95188962130,0.5026
2025-03-06,492473506,98209761629,0.5015
2025-03-07,493065938,95917568551,0.5141
2025-03-08,618088855,95329872808,0.6484
2025-03-09,622819159,95925997752,0.6493
2025-03-10,622568047,90303584989,0.6894
2025-03-11,623251756,86446133956,0.721
2025-03-12,724906212,89004995906,0.8145
2025-03-13,914337973,89388663064,1.0229
2025-03-14,958489698,88694555101,1.0807
2025-03-15,1206789163,90930428571,1.3272
2025-03-16,1206353289,92143871693,1.3092
2025-03-17,1207327707,90399382625,1.3355
2025-03-18,1208979253,91788496496,1.3171
2025-03-19,1409616424,91779334654,1.5359
2025-03-20,1480215071,94533759243,1.5658
2025-03-21,1573121956,92111914751,1.7078
2025-03-22,1631940539,91997151834,1.7739
2025-03-23,1632284571,92648182317,1.7618
2025-03-24,1632355724,94305830614,1.7309
2025-03-25,1634113859,97575425595,1.6747
2025-03-26,1884014816,98437569237,1.9139
2025-03-27,1884781103,97110918778,1.9409
2025-03-28,1894709734,96748335257,1.9584
2025-03-29,1907744129,92902017225,2.0535
2025-03-30,1908177048,90718134126,2.1034
2025-03-31,1909451013,89488566248,2.1337
2025-04-01,1903348638,91578400235,2.0784
2025-04-02,1898968763,93297986359,2.0354
2025-04-03,1921152558,90548432001,2.1217
2025-04-04,1921355243,91304809655,2.1043
2025-04-05,1923954068,91823139701,2.0953
2025-04-06,1923331998,91443323949,2.1033
2025-04-07,1922352043,84647773315,2.271
2025-04-08,2020497458,84240884613,2.3985
2025-04-09,2120034295,81954781892,2.5868
2025-04-10,2121976352,87690252702,2.4199
2025-04-11,2118999525,84172294784,2.5175
2025-04-12,2122234610,85830508015,2.4726
2025-04-13,2124164982,88039172589,2.4127
2025-04-14,2122616980,87183009662,2.4347
2025-04-15,2168291124,87254063576,2.485
2025-04-16,2209733542,86845751757,2.5444
2025-04-17,2220943236,85953634974,2.5839
2025-04-18,2271592882,86190532509,2.6355
2025-04-19,2270230457,85735578073,2.6479
2025-04-20,2270207004,87031466526,2.6085
2025-04-21,2269816917,86674107291,2.6188
2025-04-22,2320707982,86042181769,2.6972
2025-04-23,2436723207,91569800709,2.6611
2025-04-24,2430153415,92835923315,2.6177
2025-04-25,2422961301,93770364131,2.5839
2025-04-26,2429612052,95945135208,2.5323
2025-04-27,2427545991,97009136647,2.5024
2025-04-28,2427034413,96291875812,2.5205
2025-04-29,2426738696,96842916284,2.5059
2025-04-30,2427950424,96125612351,2.5258
2025-05-01,2427113725,96001162578,2.5282
2025-05-02,2428074427,97922733562,2.4796
2025-05-03,2428911150,98495108928,2.466
2025-05-04,2428073690,97919762962,2.4797
2025-05-05,2427968909,96945858640,2.5045
2025-05-06,2427490177,96526615720,2.5148
2025-05-07,2528962818,96542183003,2.6195
2025-05-08,2618869287,95614659314,2.739
2025-05-09,2608676417,105419218337,2.4746
2025-05-10,2615018956,108413535471,2.4121
2025-05-11,2614469754,114480999064,2.2838
2025-05-12,2614273850,113082524963,2.3118
2025-05-13,2610689549,111215049255,2.3474
2025-05-14,2621749173,115539434593,2.2691
2025-05-15,2649171890,112767731524,2.3492
2025-05-16,2678139189,110686230826,2.4196
2025-05-17,2680039747,110747712821,2.42
2025-05-18,2680850609,109606173188,2.4459
2025-05-19,2681854360,110422989541,2.4287
2025-05-20,2681352164,111549821546,2.4037
2025-05-21,2662018789,112300230621,2.3704
2025-05-22,2655768286,114283217873,2.3238
2025-05-23,2672372835,116526134746,2.2934
2025-05-24,2674008148,111949378107,2.3886
2025-05-25,2673050085,112130280627,2.3839
2025-05-26,2678577370,113302668526,2.3641
2025-05-27,2676396930,114088707060,2.3459
2025-05-28,2665363752,115971839012,2.2983
2025-05-29,2668094315,115636187315,2.3073
2025-05-30,2673376422,113059110183,2.3646
2025-05-31,2674532661,110015797995,2.431
2025-06-01,2674045045,110210345784,2.4263
2025-06-02,2674164970,110910319870,2.4111
2025-06-03,2675588641,110415647318,2.4232
2025-06-04,2681104658,109820420478,2.4414
2025-06-05,2670706253,109836915520,2.4315
2025-06-06,2672756245,104930456233,2.5472
2025-06-07,2664653612,107258818226,2.4843
2025-06-08,2664205850,108923453124,2.4459
2025-06-09,2664304557,108812642644,2.4485
2025-06-10,2679113787,113071495508,2.3694
2025-06-11,2707951656,116325210701,2.3279
2025-06-12,2714646964,115535859760,2.3496
2025-06-13,2719445733,109852976270,2.4755
2025-06-14,2723243688,109875270856,2.4785
2025-06-15,2725692602,108877084638,2.5035
2025-06-16,2725114369,109213572134,2.4952
2025-06-17,2726226079,111466532327,2.4458
2025-06-18,2737782932,109765106064,2.4942
2025-06-19,2735051977,110165723575,2.4827
2025-06-20,2741983355,110175592569,2.4887
2025-06-21,2758322163,106753185120,2.5838
2025-06-22,2757957599,103509709530,2.6644
2025-06-23,2757805428,101000976294,2.7305
2025-06-24,2761684985,107004329629,2.5809
2025-06-25,2767315214,108659903875,2.5468
2025-06-26,2774209220,108492504000,2.5571
2025-06-27,2773482055,107194551273,2.5873
2025-06-28,2776020263,107639505749,2.579
2025-06-29,2777079253,109239644943,2.5422
2025-06-30,2778778126,110837447772,2.5071
2025-07-01,2789531315,110424464138,2.5262
2025-07-02,2788636242,108232978336,2.5765
2025-07-03,2783092544,112023722062,2.4844
2025-07-04,2781877320,113563340907,2.4496
2025-07-05,2780605326,111319507353,2.4979
2025-07-06,2780389080,111880140688,2.4851
2025-07-07,2779989429,113318625098,2.4533
2025-07-08,2784375523,112262071655,2.4802
2025-07-09,2795063095,114189151135,2.4477
2025-07-10,2797723534,118095639662,2.369
2025-07-11,2804258121,122880039526,2.2821
2025-07-12,2822289406,123345155286,2.2881
2025-07-13,2819735202,123078978649,2.291
2025-07-14,2828173871,124451683494,2.2725
2025-07-15,2850673120,124891360879,2.2825
2025-07-16,2828482129,126544114814,2.2352
2025-07-17,2839714931,130141105091,2.182
2025-07-18,2546291299,132263981669,1.9252
2025-07-19,2551094516,133733139514,1.9076
2025-07-20,2557300799,134715475387,1.8983
2025-07-21,2552988244,138472595791,1.8437
2025-07-22,2550804411,138430039403,1.8427
2025-07-23,2553348689,139900171402,1.8251
2025-07-24,2126760508,136478026619,1.5583
2025-07-25,2557591923,135969639021,1.881
2025-07-26,2551251762,137894359586,1.8501
2025-07-27,2549637090,138696869130,1.8383
2025-07-28,2545095253,142417691410,1.7871
2025-07-29,2522564818,139392915505,1.8097
2025-07-30,2527707078,139021514203,1.8182
2025-07-31,2500100297,138814925223,1.801
2025-08-01,2526175112,135813914075,1.86
2025-08-02,2556545050,130765394460,1.9551
2025-08-03,2557197627,128450288589,1.9908
2025-08-04,2559046137,131971105455,1.9391
2025-08-05,2502155028,136452296732,1.8337
2025-08-06,2503479649,135201580829,1.8517
2025-08-07,2502163598,137346211632,1.8218
2025-08-08,2529485530,143562031161,1.7619
2025-08-09,2527976323,144667041434,1.7474
2025-08-10,2528035013,149270432531,1.6936
2025-08-11,2530303311,148939968273,1.6989
2025-08-12,2533065010,147780024430,1.7141
2025-08-13,2527536756,154698676339,1.6338
2025-08-14,2541322121,157926409161,1.6092
2025-08-15,2544528528,153195755228,1.661
2025-08-16,2534931654,150417580485,1.6853
2025-08-17,2537353743,150561399078,1.6853
2025-08-18,2535764844,150916055291,1.6802
2025-08-19,2546060470,148206738362,1.7179
2025-08-20,2541353921,142858692454,1.7789
2025-08-21,2540030942,148136425394,1.7147
2025-08-22,2541367651,146876308830,1.7303
2025-08-23,2521333375,158263669587,1.5931
2025-08-24,2516820084,159451403929,1.5784
2025-08-25,2517182985,156550250027,1.6079
2025-08-26,2519410372,149707732780,1.6829
2025-08-27,2553942204,154159091088,1.6567
2025-08-28,2573051183,153729244379,1.6738
2025-08-29,2578600497,154971590551,1.6639
2025-08-30,2601279785,150934172762,1.7235
2025-08-31,2614904842,151206780693,1.7294
2025-09-01,2628911009,150806692300,1.7432
2025-09-02,2647462716,148722123077,1.7801
2025-09-03,2615397722,149887536548,1.7449
2025-09-04,2674910072,153380576015,1.744
2025-09-05,2748103312,150319869550,1.8282
2025-09-06,2763307957,150843722586,1.8319
2025-09-07,2769583194,149939307447,1.8471
2025-09-08,2764406517,151504265174,1.8246
2025-09-09,2774223307,152365919224,1.8208
2025-09-10,2804440553,152372979126,1.8405
2025-09-11,2902275328,154372443030,1.88
2025-09-12,3100614261,156959872231,1.9754
2025-09-13,3150058324,162275244107,1.9412
2025-09-14,3150769729,161606806399,1.9497
2025-09-15,3150296056,159730558631,1.9723
2025-09-16,3096312565,158145791992,1.9579
2025-09-17,3101577441,158095548656,1.9618
2025-09-18,3110194612,160684760025,1.9356
2025-09-19,3113316982,161500989562,1.9277
2025-09-20,3128513077,158831070997,1.9697
2025-09-21,3126610101,160385409618,1.9494
2025-09-22,3130182388,158470508710,1.9752
2025-09-23,3133940256,152766246030,2.0515
2025-09-24,3194735156,150714105495,2.1197
2025-09-25,3435483955,150929171925,2.2762
2025-09-26,3685358914,145720630024,2.5291
2025-09-27,3636955498,149028415312,2.4404
2025-09-28,3647282144,150271541058,2.4271
2025-09-29,3646614063,154191483624,2.365
2025-09-30,3599919694,156097665341,2.3062
2025-10-01,3599406372,155406263136,2.3161
2025-10-02,3628506716,161410222795,2.248
2025-10-03,3561565796,164726817990,2.1621
2025-10-04,3644617209,166197262061,2.1929
2025-10-05,3645499566,165833537995,2.1983
2025-10-06,3649738488,166806413594,2.188
2025-10-07,3657081624,171150580929,2.1368
2025-10-08,3660341917,167272932592,2.1882
2025-10-09,3740388904,169052423142,2.2126
2025-10-10,3731309515,164835826562,2.2637
2025-10-11,3735817949,147733418317,2.5288
2025-10-12,3729444447,145735650026,2.559
2025-10-13,3728638438,155818942014,2.3929
2025-10-14,3699224541,158997821564,2.3266
2025-10-15,3666404087,156030761512,2.3498
2025-10-16,3651739051,150998622248,2.4184
2025-10-17,3644991920,148136341162,2.4606
2025-10-18,3634929200,145606657806,2.4964
2025-10-19,3637262833,148548859485,2.4485
2025-10-20,3636818307,149000897435,2.4408
2025-10-21,3631861321,151082755657,2.4039
2025-10-22,3629104214,147670844697,2.4576
2025-10-23,3623047303,144996180479,2.4987
2025-10-24,3640979367,147052674544,2.476
2025-10-25,3667918004,149292162550,2.4569
2025-10-26,3668596699,149638792263,2.4516
2025-10-27,3666861761,154938688413,2.3667
2025-10-28,3670208535,154169467302,2.3806
2025-10-29,3665070764,151109399659,2.4254
2025-10-30,3670414591,149944591475,2.4478
2025-10-31,3678648226,146902891287,2.5041
2025-11-01,3684578980,147548438731,2.4972
2025-11-02,3686430869,147593604350,2.4977
2025-11-03,3685597385,147819062629,2.4933
2025-11-04,3672320117,139427679700,2.6339
2025-11-05,3647753116,129364333171,2.8198
2025-11-06,3648739865,130523686475,2.7955
2025-11-07,3624646882,127838092333,2.8353
2025-11-08,3610071593,130470609260,2.767
2025-11-09,3611327631,129384394906,2.7912
2025-11-10,3622045962,133566270394,2.7118
2025-11-11,3624406646,133774225041,2.7093
2025-11-12,3632115079,129915675229,2.7957
2025-11-13,3345053536,129464974343,2.5838
2025-11-14,3338326524,126606114948,2.6368
2025-11-15,3315207371,124103975454,2.6713
2025-11-16,3342777641,124241791006,2.6905
2025-11-17,3338391851,121399217315,2.7499
2025-11-18,3135701289,119041683330,2.6341
2025-11-19,3138115444,121990154286,2.5724
2025-11-20,3135305146,119642199207,2.6206
2025-11-21,3172733810,115640178833,2.7436
2025-11-22,3335867992,111970852752,2.9792
2025-11-23,3301970558,110523283155,2.9876
2025-11-24,3307196013,112244058487,2.9464
2025-11-25,3270183769,116008295503,2.8189
2025-11-26,3262043268,116133964182,2.8089
2025-11-27,3267629553,118531351775,2.7568
2025-11-28,3292593387,118186377337,2.7859
2025-11-29,3299829546,118093905498,2.7942
2025-11-30,3268635500,116816706798,2.7981
2025-12-01,3358101796,115784541817,2.9003
2025-12-02,3392296504,111527052100,3.0417
2025-12-03,3416835814,116519196426,2.9324
2025-12-04,3122515996,120855028279,2.5837
2025-12-05,3138361413,119287141883,2.6309
2025-12-06,3139180442,117076722142,2.6813
2025-12-07,3166584022,117031969013,2.7057
2025-12-08,3170842467,117454277726,2.6996
2025-12-09,3178447169,118110923404,2.6911
2025-12-10,2902148406,121733716058,2.384
2025-12-11,2896046999,120801768593,2.3974
2025-12-12,2883567197,120387721063,2.3952
2025-12-13,2902138084,118610634764,2.4468
2025-12-14,2907272670,119322121979,2.4365
2025-12-15,2916915342,118945045590,2.4523
2025-12-16,2925309139,115795853719,2.5263
2025-12-17,2925985993,116749400045,2.5062
2025-12-18,2921953417,113872072520,2.566
2025-12-19,2914597949,113307619623,2.5723
2025-12-20,2909197581,116421225708,2.4989
2025-12-21,2913667212,116880682921,2.4929
2025-12-22,2912228284,117681671566,2.4747
2025-12-23,2926033597,117247403148,2.4956
2025-12-24,2912343502,114941298457,2.5338
2025-12-25,2906692510,115170846693,2.5238
2025-12-26,2907948975,114409958976,2.5417
2025-12-27,2897066455,114396858667,2.5325
2025-12-28,2892696666,115004710528,2.5153
2025-12-29,2896734452,115444396251,2.5092
2025-12-30,2883945380,113586241997,2.539
2025-12-31,2884006278,113397754091,2.5433
2026-01-01,2866869439,114444305677,2.505
2026-01-02,2879963206,116907656125,2.4635
2026-01-03,2924051318,119198533709,2.4531
2026-01-04,2922639305,120578379050,2.4239
2026-01-05,2924989516,121355448308,2.4103
2026-01-06,2934362618,123881392138,2.3687
2026-01-07,2928982114,124627086646,2.3502
2026-01-08,2965296915,121404609291,2.4425
2026-01-09,2960728728,119586009697,2.4758
2026-01-10,2984334842,118722316964,2.5137
2026-01-11,2987810973,119764173245,2.4947
2026-01-12,2987144194,120575079534,2.4774
2026-01-13,3011279772,119149165027,2.5273
2026-01-14,3088285452,125795176212,2.455
2026-01-15,3123035176,127370854335,2.4519
2026-01-16,3169283864,126297760932,2.5094
2026-01-17,3179757864,126471143429,2.5142
2026-01-18,3184285424,127383653524,2.4998
2026-01-19,3182353960,124740586024,2.5512
2026-01-20,3181267764,124201611116,2.5614
2026-01-21,3198419411,117202520583,2.729
2026-01-22,3197840399,118347649750,2.7021
2026-01-23,3223225152,117716650388,2.7381
2026-01-24,3220017552,117582004327,2.7385
2026-01-25,3217999782,118186733151,2.7228
2026-01-26,3217286333,114444876331,2.8112
2026-01-27,3216770388,117543090826,2.7367
2026-01-28,3252520787,119247161834,2.7275
2026-01-29,3261682360,119409413715,2.7315
2026-01-30,3289978412,114300648997,2.8784
2026-01-31,2736005603,112193389000,2.4387
2026-02-01,2713511598,105838035858,2.5638
2026-02-02,2704821692,102065995874,2.6501
2026-02-03,2718242055,103442234298,2.6278
2026-02-04,3276887770,101784153554,3.2194
2026-02-05,3266183756,99057241443,3.2973
2026-02-06,3214477804,88815530024,3.6193
2026-02-07,3204610348,94876115992,3.3777
2026-02-08,3231791388,96317622483,3.3553
2026-02-09,3230616316,96832446442,3.3363
2026-02-10,3166259724,96572148054,3.2786
2026-02-11,3314824297,94695999572,3.5005
2026-02-12,3283151450,93441535092,3.5136
2026-02-13,3262381998,93041926519,3.5064
2026-02-14,3278715986,95238694306,3.4426
2026-02-15,3304272558,95969925397,3.443
2026-02-16,3305487785,94025004133,3.5155
2026-02-17,3302184796,94313242390,3.5013
2026-02-18,3305308611,93880693067,3.5208
2026-02-19,3289425249,91023710266,3.6138
2026-02-20,3217762353,91304781884,3.5242
2026-02-21,3222617930,91233571803,3.5323
2026-02-22,3221244942,91517816566,3.5198
2026-02-23,3212607169,90600121538,3.5459
2026-02-24,3064646905,87786428402,3.491
2026-02-25,3058552028,87533138722,3.4942
2026-02-26,3042709636,92221432808,3.2994
2026-02-27,3049870292,91673665345,3.3269
2026-02-28,3162618860,89633125856,3.5284
2026-03-01,3166505617,90328169435,3.5056
2026-03-02,3166447630,89401949131,3.5418
2026-03-03,3163204602,91760645900,3.4472
2026-03-04,3168731512,90380659062,3.506
2026-03-05,3081125239,94420679525,3.2632
2026-03-06,3069128878,93847586427,3.2703
2026-03-07,3066324002,91511284261,3.3508
2026-03-08,2964068007,91504583718,3.2393
2026-03-09,2960145890,91309608007,3.2419
2026-03-10,2932172592,93232395794,3.145
2026-03-11,2936123827,93420652723,3.1429
2026-03-12,3007287468,92905553997,3.2369
2026-03-13,3111804208,94291075409,3.3002
2026-03-14,3233559522,93895933704,3.4438
2026-03-15,3266592043,94608720513,3.4527
2026-03-16,3259523639,96376009939,3.3821
2026-03-17,3263199042,99060259851,3.2942
2026-03-18,3354800006,98598606035,3.4025
2026-03-19,3413819992,95244505280,3.5843
2026-03-20,3576782106,93437195929,3.828
2026-03-21,3632999326,94794284086,3.8325
2026-03-22,3640878797,93903022737,3.8773
2026-03-23,3639961904,91499737971,3.9781
2026-03-24,3611629845,93929977300,3.845
2026-03-25,3690953197,94161208144,3.9198
2026-03-26,3736135991,94973743434,3.9339
2026-03-27,3609633013,92288155737,3.9113
2026-03-28,3625333562,90653109625,3.9991
2026-03-29,3626501493,90841205899,3.9921
2026-03-30,3626423967,90859819220,3.9912
2026-03-31,3675702568,90933318330,4.0422
2026-04-01,3724108976,93233284390,3.9944
2026-04-02,3760948037,92467437570,4.0673
2026-04-03,3998878487,90832369651,4.4025
2026-04-04,4005314598,90424021116,4.4295
2026-04-05,4005298081,90913407192,4.4056
2026-04-06,4006300229,92280356182,4.3414
2026-04-07,3939306735,90537314830,4.351
2026-04-08,3761376672,93855349223,4.0076
2026-04-09,3859358513,93012695448,4.1493
2026-04-10,3894144544,93653534673,4.158
2026-04-11,3918577355,94859218742,4.1309
2026-04-12,3928759305,95512186524,4.1134
2026-04-13,3934174140,93173429668,4.2224
2026-04-14,3965675674,97185614943,4.0805
2026-04-15,4041445889,96626782222,4.1825
2026-04-16,4041893831,96604944005,4.1839
2026-04-17,4160841955,96704991535,4.3026
2026-04-18,4207260262,97911581468,4.297
2026-04-19,4213942025,91306327204,4.6152
2026-04-20,4214111842,84487493361,4.9879
2026-04-21,4268857391,84003292981,5.0818
2026-04-22,4329065731,83974621302,5.1552
2026-04-23,4225567132,84756948216,4.9855
2026-04-24,4093773649,83381342298,4.9097
2026-04-25,4028133170,82444230847,4.8859
2026-04-26,4032723858,82942699625,4.8621
2026-04-27,4046334035,84120867889,4.8101
2026-04-28,4006695518,82555925173,4.8533
2026-04-29,3899135475,82026800353,4.7535
2026-04-30,3803581640,82138544234,4.6307
2026-05-01,3765659483,82315816143,4.5746
2026-05-02,3777862252,82816918302,4.5617
2026-05-03,3789903986,83508536287,4.5383
2026-05-04,3794562313,83742039737,4.5313
2026-05-05,3764216447,83846793864,4.4894
2026-05-06,3788911228,84456834398,4.4862
2026-05-07,3796624071,84383117074,4.4993
2026-05-08,3786861182,83664436277,4.5262
2026-05-09,3935373124,83943111467,4.6881
2026-05-10,3991690226,84188849160,4.7414
2026-05-11,4012007308,85263496572,4.7054
2026-05-12,3928989260,84768212589,4.635
2026-05-13,4021369830,84126140212,4.7802
2026-05-14,4220706341,83484560985,5.0557
2026-05-15,4176899793,84442423748,4.9464
2026-05-16,4435888745,83091472731,5.3386
2026-05-17,4434291017,82134499715,5.3988
2026-05-18,4440462300,81196566569,5.4688
2026-05-19,4434215924,80792625484,5.4884
2026-05-20,4428985145,80108414021,5.5287
2026-05-21,4339266921,80670959983,5.379
2026-05-22,4314635199,81023201782,5.3252
2026-05-23,4158643429,79639793804,5.2218
2026-05-24,4322597187,80829826911,5.3478
2026-05-25,4327714734,80620276533,5.368
2026-05-26,4327791559,81071253078,5.3383
2026-05-27,4358717687,79811061882,5.4613
2026-05-28,4326306415,79404596765,5.4484
2026-05-29,4295019162,79105411434,5.4295
2026-05-30,4321656690,78624292573,5.4966
2026-05-31,4325060150,79304681428,5.4537
2026-06-01,4319223088,79142825491,5.4575
2026-06-02,4276567998,78206474664,5.4683
2026-06-03,4234556236,74280664982,5.7008
2026-06-04,4225118171,73526214797,5.7464
2026-06-05,4124829193,72580095689,5.6831
2026-06-06,4136076082,68720585188,6.0187
2026-06-07,4131779028,68498288461,6.0319
2026-06-08,4126129366,71107012964,5.8027
2026-06-09,4105167519,70790759477,5.799
2026-06-10,4074232722,69519460159,5.8606
2026-06-11,4089172752,68665042062,5.9552
2026-06-12,4106284740,70020619562,5.8644
2026-06-13,4055008812,70455120715,5.7554
2026-06-14,4067420618,71193237449,5.7132
2026-06-15,4077201592,72281872977,5.6407
2026-06-16,4092310243,72987387878,5.6069
2026-06-17,4165009829,73476691903,5.6685
2026-06-18,4142351652,72338501839,5.7263
2026-06-19,4167467466,71258276215,5.8484
2026-06-20,4172744380,71442478747,5.8407
2026-06-21,4178656847,72141721754,5.7923
2026-06-22,4180452641,71278488362,5.865
2026-06-23,4183905388,72078521920,5.8046
2026-06-24,4205881162,70741509164,5.9454
2026-06-25,4128452242,69218507290,5.9644
2026-06-26,4011824916,68596552792,5.8484
2026-06-27,3811236578,68975314803,5.5255
2026-06-28,3800444838,69094513815,5.5004
2026-06-29,3799769743,68725231159,5.5289
2026-06-30,3921930904,69201862452,5.6674
2026-07-01,3927123637,68205531962,5.7578
2026-07-02,3925002465,69215122176,5.6707
2026-07-03,3925148554,71536913479,5.4869
2026-07-04,3962674909,72825703547,5.4413
2026-07-05,3955064115,73004146167,5.4176
2026-07-06,3956177678,73372116533,5.3919
2026-07-07,4002475200,73578126999,5.4398
2026-07-08,3994428577,72238071105,5.5295
2026-07-09,3961296356,71313909475,5.5547
2026-07-10,3987540231,71279778035,5.5942
2026-07-11,3936871006,72921176976,5.3988
2026-07-12,3949432229,72279377390,5.4641
2026-07-13,3951821810,72404587084,5.458
2026-07-14,3963217665,71834983069,5.5171
2026-07-15,3973883609,74195181093,5.356
2026-07-16,3710157166,74403286829,4.9866
2026-07-17,3719077149,73978549018,5.0272
2026-07-18,3690185968,74022827868,4.9852
2026-07-19,3700741391,74572875177,4.9626
2026-07-20,3718258720,74426140891,4.9959
2026-07-21,3643584318,75548063511,4.8229
2026-07-22,3640380601,76302130940,4.771
2026-07-23,3657076280,75875414991,4.8198
2026-07-24,3824237727,74759039727,5.1154
2026-07-25,3813802588,74341269068,5.1301
2026-07-26,3813763146,74659117664,5.1082
2026-07-27,3815758700,75576987866,5.0488
2026-07-28,3819610808,73921957234,5.1671
2026-07-29,3825978735,74565842072,5.131
2026-07-30,3825742770,74193711450,5.1564
2026-07-31,3832026100,74249618114,5.161
2026-08-01,3833299279,72915640037,5.2572
2026-08-02,3838790480,72524635981,5.2931
2026-08-03,3841818586,73255310516,5.2444
2026-08-04,3877810768,72726007503,5.3321
2026-08-05,3896264557,73658503112,5.2896
2026-08-06,3866867010,74136753842,5.2159
2026-08-07,3864002293,73993183539,5.2221
2026-08-08,3913419011,74283635875,5.2682
2026-08-09,3913131827,74580228653,5.2469
2026-08-10,3915945739,74566601742,5.2516
2026-08-11,3909569545,74028522300,5.2812
2026-08-12,3914115488,73771509644,5.3057
2026-08-13,3913130376,73822408907,5.3007
2026-08-14,3922937058,73601105913,5.33
2026-08-15,3935811123,73337275008,5.3667
2026-08-16,3938136575,73699315348,5.3435
2026-08-17,3941946750,73608869788,5.3553
2026-08-18,3938919212,74484169794,5.2883
2026-08-19,3929778056,74963795280,5.2422
2026-08-20,3912584784,80793162487,4.8427
2026-08-21,3837242896,83218257047,4.6111
2026-08-22,3753566400,86754972146,4.3266
2026-08-23,3758827832,85807754062,4.3805
2026-08-24,3761554212,86188596489,4.3643
2026-08-25,3820511154,86517967959,4.4159
2026-08-26,3980098923,85991468431,4.6285
2026-08-27,3991940598,87282740988,4.5736
2026-08-28,4056553516,88104170670,4.6043
2026-08-29,4061824153,86373453068,4.7026
2026-08-30,4060826688,86614270297,4.6884
2026-08-31,4058139092,85683191595,4.7362
2026-09-01,4056181899,86939323551,4.6655
2026-09-02,4036879104,85366968321,4.7289
2026-09-03,4024678785,85355588005,4.7152
2026-09-04,4112832881,88522889791,4.6461
2026-09-05,4087497061,87268479783,4.6838
2026-09-06,4083463685,88287335864,4.6252
2026-09-07,4087231490,88919036448,4.5966
2026-09-08,4102291658,88317781210,4.6449
2026-09-09,4116213837,88340666194,4.6595
2026-09-10,4234731147,87338364182,4.8486
2026-09-11,4244283985,86572599074,4.9026
2026-09-12,4218798042,88118797177,4.7876
2026-09-13,4223907091,88622275160,4.7662
2026-09-14,4226948771,87400023211,4.8363
2026-09-15,4175687720,88845791374,4.6999
2026-09-16,4150527216,86055287919,4.8231
2026-09-17,4124878498,87124562651,4.7345
2026-09-18,3864194124,88172085276,4.3826
2026-09-19,3914488653,92848180627,4.216
2026-09-20,3922970862,93171132210,4.2105
2026-09-21,3927118977,94130973328,4.172
2026-09-22,3949600912,96386809707,4.0977
2026-09-23,3943878044,96438091145,4.0895
2026-09-24,3838360444,94901647736,4.0446
2026-09-25,3849840967,95170116148,4.0452
2026-09-26,3841574897,95480239159,4.0234
2026-09-27,3864863400,95530357636,4.0457
2026-09-28,3870765221,95491225548,4.0535
2026-09-29,3923346199,94795923611,4.1387
2026-09-30,3931201779,94764432837,4.1484
2026-10-01,3920255710,94806851493,4.135
2026-10-02,4020115121,95186646661,4.2234
2026-10-03,4054055588,95004181607,4.2672
2026-10-04,4030687406,95252785957,4.2316
2026-10-05,4042721309,96683896056,4.1814
